GP,W,L,AGT,K,D,KD,CKPM,GPR,GSPD,GD15,FB%,FT%,F3T%,HLD%,FD%,DRG%,ELD%,FBN%,BN%,LNE%,JNG%,WPM,CWPM,WCPM,win_rate,Team,division,EGR,MLR,year
13,7,6,42.7,239,235,1.02,0.85,0.0,0.0,0.0,0.0,0.0,0.0,0.0,0.0,0.56,0.0,0.0,0.4,0.0,0.0,0.0,0.0,0.0,53.85,7th heaven,LJL,0.0,0.0,2015
14,6,8,35.8,214,269,0.8,0.96,-0.89,-0.062,-1303.0,0.5,0.36,0.29,0.0,0.43,0.26,0.0,0.43,0.53,0.495,0.446,2.21,0.32,0.69,42.86,ATLAS eSports Team,TCL,0.0,0.0,2015
6,1,5,39.3,80,121,0.66,0.85,0.0,0.0,0.0,0.0,0.0,0.0,0.0,0.0,0.36,0.0,0.0,0.0,0.0,0.0,0.0,0.0,0.0,16.67,Bencheados,LLA,0.0,0.0,2015
14,12,2,33.9,291,175,1.66,0.98,1.47,0.153,867.0,0.43,0.79,0.86,0.0,0.43,0.62,0.0,0.64,0.88,0.52,0.506,2.37,0.34,0.82,85.71,Beşiktaş Esports,TCL,0.0,0.0,2015
5,0,5,27.6,27,110,0.25,0.99,-4.84,-0.326,-5932.0,0.2,0.0,0.0,0.0,0.2,0.25,0.0,0.0,0.0,0.457,0.387,2.82,0.27,0.6,0.0,Beşiktaş Esports,MSI,0.0,0.0,2015
14,4,10,36.8,214,263,0.81,0.92,-1.12,-0.092,-1297.0,0.36,0.43,0.36,0.0,0.43,0.41,0.0,0.0,0.11,0.489,0.537,2.47,0.31,0.75,28.57,Big Plays Incorporated,TCL,0.0,0.0,2015
8,5,3,37.2,89,84,1.06,0.58,0.02,0.012,-286.0,0.63,0.63,0.5,0.0,0.5,0.54,0.0,0.5,0.5,0.51,0.504,3.01,0.53,1.07,62.5,CJ Entus,LCK,0.0,0.0,2015
5,2,3,40.7,86,100,0.86,0.91,0.0,0.0,0.0,0.0,0.0,0.0,0.0,0.0,0.38,0.0,0.0,0.0,0.0,0.0,0.0,0.0,0.0,40.0,CNB e-Sports Club,CBLOL,0.0,0.0,2015
9,4,5,36.4,87,119,0.73,0.63,-0.15,-0.011000000000000001,-451.0,0.56,0.33,0.67,0.0,0.44,0.33,0.0,0.56,0.57,0.514,0.483,2.75,0.38,1.08,44.44,Cloud9,LCS,0.0,0.0,2015
3,0,3,38.5,35,63,0.56,0.85,0.35,-0.055999999999999994,-54.0,0.67,0.0,0.33,0.0,0.33,0.2,0.0,0.33,0.5,0.503,0.491,2.31,0.31,0.78,0.0,Copenhagen Wolves,LEC,0.0,0.0,2015
3,0,3,35.5,27,69,0.39,0.9,-0.73,-0.151,305.0,0.67,0.67,0.67,0.0,0.33,0.36,0.0,0.0,0.0,0.516,0.441,2.84,0.43,0.72,0.0,Counter Logic Gaming,LCS,0.0,0.0,2015
14,11,3,32.4,256,144,1.78,0.88,1.63,0.10800000000000001,1745.0,0.5,0.64,0.79,0.0,0.64,0.66,0.0,0.64,0.53,0.52,0.527,2.26,0.37,0.88,78.57,Dark Passage,TCL,0.0,0.0,2015
13,11,2,36.4,226,121,1.87,0.73,0.0,0.0,0.0,0.0,0.0,0.0,0.0,0.0,0.78,0.0,0.0,0.7,0.0,0.0,0.0,0.0,0.0,84.62,DetonatioN FocusMe,LJL,0.0,0.0,2015
5,1,4,36.2,66,110,0.6,0.97,0.0,0.0,0.0,0.0,0.0,0.0,0.0,0.0,0.39,0.0,0.0,0.0,0.0,0.0,0.0,0.0,0.0,20.0,Dexterity Team,CBLOL,0.0,0.0,2015
13,10,3,33.1,297,160,1.86,1.05,2.21,0.168,2960.0,0.77,0.77,0.77,0.0,0.62,0.65,0.0,0.69,0.71,0.504,0.547,3.25,0.48,1.09,76.92,EDward Gaming,MSI,0.0,0.0,2015
13,9,4,32.8,187,138,1.36,0.76,0.0,0.0,0.0,0.0,0.0,0.0,0.0,0.0,0.0,0.0,0.0,0.0,0.0,0.0,0.0,0.0,0.0,69.23,EDward Gaming,LPL,0.0,0.0,2015
4,1,3,35.1,40,95,0.42,0.96,-1.96,-0.162,-1675.0,0.5,0.25,0.25,0.0,0.5,0.35,0.0,0.5,0.5,0.48200000000000004,0.511,3.11,0.42,1.17,25.0,Flash Wolves,PCS,0.0,0.0,2015
10,4,6,34.7,161,160,1.01,0.92,0.29,0.027000000000000003,1175.0,0.6,0.5,0.5,0.0,0.3,0.36,0.0,0.5,0.5,0.491,0.517,3.44,0.47,0.79,40.0,Fnatic,MSI,0.0,0.0,2015
10,6,4,33.8,162,107,1.51,0.79,1.28,0.10800000000000001,1051.0,0.7,0.6,0.7,0.0,0.6,0.64,0.0,0.7,0.83,0.506,0.5539999999999999,3.35,0.45,0.78,60.0,Fnatic,LEC,0.0,0.0,2015
8,4,4,39.2,114,132,0.86,0.78,0.0,0.0,0.0,0.0,0.0,0.0,0.0,0.0,0.5,0.0,0.0,0.0,0.0,0.0,0.0,0.0,0.0,50.0,Furious Gaming,LLA,0.0,0.0,2015
4,1,3,36.1,52,67,0.78,0.82,0.54,-0.024,1218.0,0.5,0.75,0.75,0.0,0.5,0.5,0.0,0.25,0.5,0.51,0.49700000000000005,3.2,0.44,1.02,25.0,Gambit Gaming,LEC,0.0,0.0,2015
4,1,3,31.4,37,73,0.51,0.88,-1.72,-0.16699999999999998,-3330.0,0.75,0.25,0.25,0.0,0.75,0.53,0.0,0.25,0.4,0.47,0.46,2.44,0.25,0.65,25.0,Gravity,LCS,0.0,0.0,2015
13,8,5,35.1,187,151,1.24,0.73,-0.37,-0.03,-340.0,0.38,0.62,0.54,0.0,0.31,0.44,0.0,0.46,0.32,0.496,0.46299999999999997,2.8,0.39,0.76,61.54,H2k-Gaming,LEC,0.0,0.0,2015
14,11,3,31.9,274,177,1.55,1.01,2.08,0.11900000000000001,2250.0,0.57,0.64,0.79,0.0,0.86,0.8,0.0,0.71,0.67,0.52,0.511,2.2,0.35,0.87,78.57,HWA Gaming,TCL,0.0,0.0,2015
3,0,3,41.1,42,72,0.58,0.92,-1.0,-0.055,-759.0,0.0,0.0,0.0,0.0,0.33,0.31,0.0,0.67,0.5,0.498,0.54,3.66,0.44,0.82,0.0,Hong Kong Esports,PCS,0.0,0.0,2015
6,6,0,40.7,123,78,1.58,0.82,0.0,0.0,0.0,0.0,0.0,0.0,0.0,0.0,0.5,0.0,0.0,0.0,0.0,0.0,0.0,0.0,0.0,100.0,INTZ,CBLOL,0.0,0.0,2015
11,6,5,35.2,119,118,1.01,0.61,0.0,0.0,0.0,0.0,0.0,0.0,0.0,0.0,0.0,0.0,0.0,0.0,0.0,0.0,0.0,0.0,0.0,54.55,Invictus Gaming,LPL,0.0,0.0,2015
3,0,3,30.0,5,28,0.18,0.37,-2.24,-0.126,-943.0,0.0,0.33,0.33,0.0,0.0,0.1,0.0,0.0,0.0,0.465,0.447,3.09,0.51,0.77,0.0,Jin Air Green Wings,LCK,0.0,0.0,2015
10,4,6,39.3,126,152,0.83,0.71,0.0,0.0,0.0,0.0,0.0,0.0,0.0,0.0,0.41,0.0,0.0,0.0,0.0,0.0,0.0,0.0,0.0,40.0,KaBuM! Black,CBLOL,0.0,0.0,2015
7,6,1,31.1,133,70,1.9,0.93,0.0,0.0,0.0,0.0,0.0,0.0,0.0,0.0,0.61,0.0,0.0,0.0,0.0,0.0,0.0,0.0,0.0,85.71,Kaos Latin Gamers,LLA,0.0,0.0,2015
11,8,3,34.9,180,114,1.58,0.77,0.0,0.0,0.0,0.0,0.0,0.0,0.0,0.0,0.0,0.0,0.0,0.0,0.0,0.0,0.0,0.0,0.0,72.73,LGD Gaming,LPL,0.0,0.0,2015
5,2,3,28.0,75,83,0.9,1.12,0.0,0.0,0.0,0.0,0.0,0.0,0.0,0.0,0.62,0.0,0.0,0.0,0.0,0.0,0.0,0.0,0.0,40.0,Last Kings,LLA,0.0,0.0,2015
14,5,9,34.6,211,252,0.84,0.96,-1.09,-0.078,-1348.0,0.36,0.36,0.29,0.0,0.43,0.53,0.0,0.36,0.4,0.48,0.498,2.34,0.34,0.77,35.71,NumberOne Esports,TCL,0.0,0.0,2015
3,0,3,33.5,21,50,0.42,0.71,0.0,0.0,0.0,0.0,0.0,0.0,0.0,0.0,0.0,0.0,0.0,0.0,0.0,0.0,0.0,0.0,0.0,0.0,Oh My God,LPL,0.0,0.0,2015
3,0,3,38.6,24,56,0.43,0.68,-2.07,-0.14800000000000002,-1163.0,0.67,0.0,0.33,0.0,0.0,0.14,0.0,0.0,0.2,0.478,0.424,3.71,0.59,1.05,0.0,ROX Tigers,LCK,0.0,0.0,2015
16,9,7,43.4,270,266,1.02,0.77,0.0,0.0,0.0,0.0,0.0,0.0,0.0,0.0,0.41,0.0,0.0,0.59,0.0,0.0,0.0,0.0,0.0,56.25,RabbitFive,LJL,0.0,0.0,2015
10,5,5,40.2,164,142,1.15,0.76,0.0,0.0,0.0,0.0,0.0,0.0,0.0,0.0,0.51,0.0,0.0,0.5,0.0,0.0,0.0,0.0,0.0,50.0,Rampage,LJL,0.0,0.0,2015
10,4,6,40.4,135,170,0.79,0.75,0.0,0.0,0.0,0.0,0.0,0.0,0.0,0.0,0.49,0.0,0.0,0.55,0.0,0.0,0.0,0.0,0.0,40.0,Rascal Jester,LJL,0.0,0.0,2015
10,4,6,37.1,130,156,0.83,0.77,0.39,0.006,691.0,0.4,0.7,0.4,0.0,0.7,0.64,0.0,0.3,0.5,0.513,0.544,2.64,0.44,1.0,40.0,SK Gaming,LEC,0.0,0.0,2015
15,10,5,35.7,238,239,1.0,0.89,0.02,0.005,-151.0,0.33,0.47,0.53,0.0,0.67,0.63,0.0,0.6,0.58,0.517,0.493,3.23,0.57,1.04,66.67,SK Telecom T1,MSI,0.0,0.0,2015
8,6,2,40.4,134,87,1.54,0.68,1.36,0.09,1076.0,0.5,0.63,0.63,0.0,0.88,0.69,0.0,0.75,0.67,0.512,0.545,3.44,0.51,1.07,75.0,SK Telecom T1,LCK,0.0,0.0,2015
10,0,10,34.7,75,181,0.41,0.74,0.0,0.0,0.0,0.0,0.0,0.0,0.0,0.0,0.23,0.0,0.0,0.13,0.0,0.0,0.0,0.0,0.0,0.0,Salvage Javelin,LJL,0.0,0.0,2015
12,4,8,35.4,113,182,0.62,0.7,0.0,0.0,0.0,0.0,0.0,0.0,0.0,0.0,0.0,0.0,0.0,0.0,0.0,0.0,0.0,0.0,0.0,33.33,Snake Esports,LPL,0.0,0.0,2015
5,1,4,28.8,35,91,0.38,0.87,-2.91,-0.196,-2931.0,0.2,0.4,0.2,0.0,0.2,0.2,0.0,0.2,0.17,0.501,0.456,2.39,0.26,0.68,20.0,TSM,MSI,0.0,0.0,2015
8,6,2,35.2,119,65,1.83,0.65,1.48,0.113,1241.0,0.75,0.75,0.5,0.0,0.38,0.67,0.0,0.63,0.73,0.504,0.528,2.9,0.45,0.99,75.0,TSM,LCS,0.0,0.0,2015
3,0,3,48.5,45,76,0.59,0.82,-0.16,-0.044000000000000004,0.0,0.33,0.67,0.33,0.0,0.0,0.21,0.0,0.33,0.67,0.494,0.483,3.58,0.44,1.12,0.0,Taipei Assassins,PCS,0.0,0.0,2015
13,6,7,34.6,163,165,0.99,0.73,0.03,0.004,762.0,0.38,0.69,0.54,0.0,0.54,0.52,0.0,0.46,0.35,0.508,0.52,3.0,0.43,0.73,46.15,Team Impulse,LCS,0.0,0.0,2015
5,2,3,34.4,69,61,1.13,0.74,0.0,0.0,0.0,0.0,0.0,0.0,0.0,0.0,0.0,0.0,0.0,0.0,0.0,0.0,0.0,0.0,0.0,40.0,Team King,LPL,0.0,0.0,2015
13,8,5,36.7,197,141,1.4,0.71,-0.18,0.021,-259.0,0.31,0.31,0.38,0.0,0.54,0.52,0.0,0.62,0.56,0.486,0.5,2.68,0.43,0.99,61.54,Team Liquid,LCS,0.0,0.0,2015
14,5,9,34.7,231,240,0.96,0.97,0.26,0.017,612.0,0.71,0.36,0.43,0.0,0.64,0.49,0.0,0.5,0.5,0.502,0.491,2.45,0.34,0.9,35.71,Team Turquality,TCL,0.0,0.0,2015
5,2,3,31.6,57,87,0.66,0.89,0.0,0.0,0.0,0.0,0.0,0.0,0.0,0.0,0.0,0.0,0.0,0.0,0.0,0.0,0.0,0.0,0.0,40.0,Team WE,LPL,0.0,0.0,2015
14,8,6,36.6,205,238,0.86,0.85,-1.03,-0.035,-1265.0,0.5,0.21,0.36,0.0,0.5,0.44,0.0,0.5,0.47,0.486,0.467,2.9,0.4,0.84,57.14,Unicorns of Love,LEC,0.0,0.0,2015
4,1,3,37.4,54,56,0.96,0.73,0.0,0.0,0.0,0.0,0.0,0.0,0.0,0.0,0.0,0.0,0.0,0.0,0.0,0.0,0.0,0.0,0.0,25.0,Vici Gaming,LPL,0.0,0.0,2015
6,3,3,33.9,97,86,1.13,0.9,0.0,0.0,0.0,0.0,0.0,0.0,0.0,0.0,0.64,0.0,0.0,0.0,0.0,0.0,0.0,0.0,0.0,50.0,Vivo Keyd,CBLOL,0.0,0.0,2015
14,2,12,35.7,172,348,0.49,1.04,-1.88,-0.165,-1526.0,0.57,0.43,0.21,0.0,0.14,0.29,0.0,0.21,0.4,0.474,0.484,2.8,0.38,0.69,14.29,ZONE eSports,TCL,0.0,0.0,2015
10,9,1,40.9,242,128,1.89,0.9,1.03,0.094,897.0,0.7,0.7,0.8,0.0,0.7,0.71,0.0,0.4,0.45,0.51,0.489,3.37,0.45,1.37,90.0,ahq eSports Club,PCS,0.0,0.0,2015
8,3,5,34.7,140,144,0.97,1.02,0.08,0.011000000000000001,-456.0,0.63,0.5,0.5,0.0,0.63,0.47,0.0,0.5,0.4,0.498,0.514,3.02,0.38,1.04,37.5,ahq eSports Club,MSI,0.0,0.0,2015
10,5,5,41.1,155,129,1.2,0.69,0.0,0.0,0.0,0.0,0.0,0.0,0.0,0.0,0.64,0.0,0.0,0.0,0.0,0.0,0.0,0.0,0.0,50.0,paiN Gaming,CBLOL,0.0,0.0,2015
17,9,8,34.6,212,172,1.23,0.65,-0.04,0.017,-182.0,0.47,0.29,0.41,0.52,0.24,0.4,0.0,0.53,0.55,0.494,0.5489999999999999,3.2,0.53,1.31,52.94,Beşiktaş.Oyun Hizmetleri,TCL,0.0,0.0,2016
2,2,0,37.8,35,14,2.5,0.65,-0.35,0.006,-859.0,0.5,1.0,1.0,0.33,1.0,1.0,0.0,1.0,1.0,0.479,0.46799999999999997,3.81,0.76,1.66,100.0,CNB e-Sports Club,CBLOL,0.0,0.0,2016
4,1,3,30.3,38,72,0.53,0.91,-0.91,-0.057999999999999996,339.0,0.25,0.5,0.25,0.0,0.5,0.25,0.0,0.25,0.2,0.508,0.48,2.73,0.46,0.94,25.0,Cloud9,LCS,0.0,0.0,2016
17,10,7,35.8,230,237,0.97,0.77,-0.01,0.024,770.0,0.53,0.88,0.65,0.55,0.35,0.38,0.0,0.65,0.68,0.501,0.501,3.47,0.65,1.53,58.82,Counter Logic Gaming,MSI,0.0,0.0,2016
10,6,4,36.0,123,133,0.92,0.71,0.13,0.009000000000000001,-375.0,0.4,0.8,0.5,0.58,0.6,0.42,0.0,0.8,0.75,0.49200000000000005,0.47600000000000003,3.44,0.65,1.52,60.0,Counter Logic Gaming,LCS,0.0,0.0,2016
14,11,3,34.0,185,159,1.16,0.72,1.0,0.075,703.0,0.64,0.57,0.71,0.5,0.64,0.67,0.0,0.43,0.69,0.519,0.499,3.2,0.6,1.42,78.57,Dark Passage,TCL,0.0,0.0,2016
3,3,0,29.5,56,8,7.0,0.72,3.21,0.26899999999999996,2961.0,0.33,0.33,1.0,1.0,0.67,0.6,0.0,1.0,1.0,0.507,0.599,3.07,0.76,1.24,100.0,DetonatioN FocusMe,LJL,0.0,0.0,2016
7,4,3,36.8,107,93,1.15,0.77,0.0,0.0,0.0,0.0,0.0,0.0,0.0,0.0,0.68,0.0,0.0,0.75,0.0,0.0,0.0,0.0,0.0,57.14,EDward Gaming,LPL,0.0,0.0,2016
6,6,0,36.1,106,32,3.31,0.64,2.18,0.136,2436.0,1.0,0.83,1.0,0.17,0.5,0.71,0.0,0.83,0.75,0.509,0.5539999999999999,3.71,0.89,1.71,100.0,Flash Wolves,PCS,0.0,0.0,2016
14,7,7,37.4,163,135,1.21,0.57,0.02,-0.031,-236.0,0.5,0.43,0.36,0.35,0.64,0.61,0.0,0.5,0.55,0.48700000000000004,0.48,3.66,0.86,1.49,50.0,Flash Wolves,MSI,0.0,0.0,2016
13,7,6,32.5,124,115,1.08,0.56,-0.04,0.003,-213.0,0.54,0.31,0.23,0.28,0.31,0.5,0.0,0.38,0.5,0.509,0.518,3.77,0.72,1.42,53.85,Fnatic,LEC,0.0,0.0,2016
5,2,3,39.1,38,53,0.72,0.47,1.16,-0.013000000000000001,1886.0,0.2,0.4,0.8,1.0,0.8,0.62,0.0,0.4,0.5,0.496,0.535,3.64,0.6,1.54,40.0,Furious Gaming,LLA,0.0,0.0,2016
10,2,8,33.5,88,170,0.52,0.76,-0.93,-0.087,-389.0,0.4,0.6,0.5,0.45,0.2,0.26,0.0,0.2,0.33,0.49200000000000005,0.49700000000000005,3.41,0.61,1.26,20.0,G2 Esports,MSI,0.0,0.0,2016
8,6,2,33.5,106,92,1.15,0.74,0.11,0.035,20.0,0.38,0.75,0.75,0.67,0.63,0.65,0.0,0.63,0.64,0.493,0.54,3.48,0.59,1.19,75.0,G2 Esports,LEC,0.0,0.0,2016
10,4,6,36.7,84,96,0.88,0.49,0.13,0.001,613.0,0.6,0.8,0.8,0.63,0.7,0.47,0.0,0.5,0.46,0.498,0.473,3.89,0.79,1.69,40.0,H2k-Gaming,LEC,0.0,0.0,2016
17,9,8,34.3,208,213,0.98,0.72,-0.51,-0.023,-434.0,0.53,0.47,0.35,0.29,0.53,0.52,0.0,0.41,0.43,0.496,0.47700000000000004,3.45,0.61,1.31,52.94,HWA Gaming,TCL,0.0,0.0,2016
7,6,1,34.7,114,86,1.33,0.82,1.61,0.11900000000000001,1429.0,0.43,0.71,0.57,0.5,0.29,0.57,0.0,0.71,0.83,0.518,0.599,3.32,0.56,1.25,85.71,Hard Random,LCL,0.0,0.0,2016
7,6,1,39.5,102,71,1.44,0.63,0.19,0.022000000000000002,348.0,0.43,0.71,0.57,0.57,0.29,0.3,0.0,0.71,0.67,0.496,0.507,3.68,0.81,1.64,85.71,INTZ,CBLOL,0.0,0.0,2016
6,3,3,34.8,81,87,0.93,0.8,0.65,0.027000000000000003,653.0,0.67,0.33,0.83,0.25,0.5,0.48,0.0,0.67,0.5,0.502,0.505,3.81,0.54,1.48,50.0,Immortals,LCS,0.0,0.0,2016
2,0,2,30.3,9,21,0.43,0.5,0.0,0.0,0.0,0.0,0.0,0.0,0.0,0.0,0.17,0.0,0.0,0.5,0.0,0.0,0.0,0.0,0.0,0.0,Invictus Gaming,LPL,0.0,0.0,2016
8,6,2,37.6,110,69,1.59,0.6,-0.49,0.066,-1181.0,0.75,0.5,0.25,0.3,0.38,0.45,0.0,0.5,0.71,0.496,0.499,3.36,0.56,1.7,75.0,Isurus,LLA,0.0,0.0,2016
6,3,3,43.8,58,64,0.91,0.46,-0.47,-0.032,-435.0,0.33,0.33,0.5,0.33,0.5,0.36,0.0,0.5,0.36,0.49,0.47700000000000004,3.74,0.86,1.68,50.0,Jin Air Green Wings,LCK,0.0,0.0,2016
3,0,3,33.8,24,52,0.46,0.75,-1.42,-0.142,-608.0,0.0,0.67,0.33,0.0,0.0,0.18,0.0,0.0,0.25,0.483,0.491,3.43,0.72,1.73,0.0,KT Rolster,LCK,0.0,0.0,2016
5,2,3,40.2,27,45,0.6,0.36,-1.98,-0.14400000000000002,-2425.0,0.2,0.2,0.2,0.3,0.4,0.4,0.0,0.2,0.5,0.493,0.445,3.41,0.89,1.74,40.0,KaBuM! e-Sports,CBLOL,0.0,0.0,2016
2,0,2,40.5,12,38,0.32,0.62,-0.26,-0.124,1384.0,1.0,0.5,0.5,0.75,0.5,0.4,0.0,0.0,0.0,0.513,0.47600000000000003,2.87,0.56,1.04,0.0,Kwangdong Freecs,LCK,0.0,0.0,2016
3,1,2,30.0,31,46,0.67,0.85,0.0,0.0,0.0,0.0,0.0,0.0,0.0,0.0,0.43,0.0,0.0,0.25,0.0,0.0,0.0,0.0,0.0,33.33,LGD Gaming,LPL,0.0,0.0,2016
6,3,3,35.0,84,93,0.9,0.84,0.55,-0.013000000000000001,630.0,0.5,0.67,0.83,0.56,0.67,0.59,0.0,0.33,0.33,0.512,0.512,3.54,0.67,1.5,50.0,Last Kings,LLA,0.0,0.0,2016
8,3,5,36.9,55,89,0.62,0.49,-0.68,-0.036000000000000004,-1152.0,0.13,0.5,0.5,0.7,0.5,0.36,0.0,0.25,0.5,0.485,0.488,3.82,0.79,1.69,37.5,Machi Esports,PCS,0.0,0.0,2016
3,0,3,32.4,18,51,0.35,0.71,-3.78,-0.231,-3521.0,0.0,0.33,0.0,0.0,0.33,0.1,0.0,0.33,0.33,0.484,0.366,3.62,0.82,1.14,0.0,NRG Esports,LCS,0.0,0.0,2016
7,2,5,34.5,71,94,0.76,0.68,-0.1,-0.017,-93.0,0.57,0.29,0.57,0.18,0.43,0.44,0.0,0.43,0.75,0.505,0.502,3.23,0.49,1.37,28.57,Natus Vincere CIS,LCL,0.0,0.0,2016
14,2,12,36.2,98,156,0.63,0.5,-1.18,-0.109,-630.0,0.36,0.29,0.21,0.35,0.5,0.28,0.0,0.07,0.18,0.501,0.45299999999999996,3.15,0.4,1.32,14.29,NumberOne Esports,TCL,0.0,0.0,2016
7,3,4,42.5,79,92,0.86,0.57,0.07,0.002,195.0,0.43,0.43,0.43,0.42,0.57,0.62,0.0,0.43,0.62,0.501,0.47600000000000003,3.73,0.75,1.54,42.86,Operation Kino e-Sports,CBLOL,0.0,0.0,2016
12,7,5,38.9,168,138,1.22,0.65,0.14,0.002,-277.0,0.67,0.33,0.25,0.55,0.42,0.54,0.0,0.58,0.6,0.49700000000000005,0.49,3.67,0.81,1.65,58.33,Origen,LEC,0.0,0.0,2016
3,0,3,34.1,28,53,0.53,0.79,0.0,0.0,0.0,0.0,0.0,0.0,0.0,0.0,0.42,0.0,0.0,0.33,0.0,0.0,0.0,0.0,0.0,0.0,Qiao Gu Reapers,LPL,0.0,0.0,2016
6,3,3,43.3,75,70,1.07,0.56,-0.34,-0.002,-664.0,0.33,0.17,0.33,0.75,0.67,0.45,0.0,0.5,0.36,0.505,0.51,3.43,0.7,1.7,50.0,RED Canids,CBLOL,0.0,0.0,2016
4,1,3,38.7,43,56,0.77,0.64,-0.54,-0.063,-542.0,0.75,0.25,0.5,0.75,0.0,0.31,0.0,0.5,0.63,0.498,0.465,3.74,0.69,1.67,25.0,ROX Tigers,LCK,0.0,0.0,2016
9,6,3,37.5,130,86,1.51,0.64,-3.21,-0.26899999999999996,-2961.0,0.67,0.67,0.0,0.0,0.33,0.52,0.0,0.0,0.0,0.493,0.401,3.07,0.63,1.05,66.67,Rampage,LJL,0.0,0.0,2016
3,0,3,34.9,36,53,0.68,0.85,-1.85,-0.131,-1252.0,0.33,0.33,0.0,0.33,0.0,0.2,0.0,0.33,0.33,0.494,0.42100000000000004,3.47,0.69,1.23,0.0,Rebirth eSports,LLA,0.0,0.0,2016
14,9,5,37.5,208,162,1.28,0.7,0.98,0.032,106.0,0.79,0.29,0.43,0.8,0.64,0.63,0.0,0.64,0.56,0.504,0.536,3.77,0.81,1.6,64.29,Royal Never Give Up,MSI,0.0,0.0,2016
9,6,3,37.4,148,101,1.47,0.74,0.0,0.0,0.0,0.0,0.0,0.0,0.0,0.0,0.66,0.0,0.0,0.56,0.0,0.0,0.0,0.0,0.0,66.67,Royal Never Give Up,LPL,0.0,0.0,2016
17,12,5,36.9,266,157,1.69,0.67,0.55,0.084,821.0,0.41,0.41,0.59,0.58,0.76,0.61,0.0,0.41,0.45,0.518,0.528,3.73,0.67,1.61,70.59,SK Telecom T1,MSI,0.0,0.0,2016
11,9,2,39.8,160,87,1.84,0.56,0.85,0.10099999999999999,348.0,0.55,0.64,0.55,0.58,0.82,0.74,0.0,0.73,0.68,0.508,0.532,3.86,0.67,1.47,81.82,SK Telecom T1,LCK,0.0,0.0,2016
5,2,3,33.1,33,52,0.63,0.51,0.0,0.0,0.0,0.0,0.0,0.0,0.0,0.0,0.35,0.0,0.0,0.2,0.0,0.0,0.0,0.0,0.0,40.0,Snake Esports,LPL,0.0,0.0,2016
18,11,7,37.6,177,192,0.92,0.54,0.7,0.055999999999999994,759.0,0.39,0.78,0.67,0.47,0.56,0.64,0.0,0.56,0.68,0.512,0.527,3.55,0.72,1.69,61.11,SuperMassive Esports,TCL,0.0,0.0,2016
10,1,9,31.6,86,182,0.47,0.85,-1.74,-0.099,-2134.0,0.3,0.3,0.4,0.24,0.2,0.34,0.0,0.2,0.2,0.488,0.43200000000000005,3.52,0.73,1.38,10.0,SuperMassive Esports,MSI,0.0,0.0,2016
12,8,4,36.1,199,114,1.75,0.72,0.34,0.05,-39.0,0.58,0.42,0.58,0.75,0.58,0.66,0.0,0.5,0.63,0.507,0.514,3.57,0.64,1.43,66.67,TSM,LCS,0.0,0.0,2016
5,2,3,36.2,33,39,0.85,0.4,-0.16,-0.034,330.0,0.8,0.2,0.2,0.22,0.6,0.56,0.0,0.2,0.33,0.519,0.48700000000000004,3.9,0.89,1.72,40.0,Taipei Assassins,PCS,0.0,0.0,2016
14,10,4,36.1,148,103,1.44,0.5,1.22,0.057999999999999996,962.0,0.64,0.64,0.64,0.8,0.64,0.63,0.0,0.64,0.61,0.501,0.536,3.39,0.65,1.69,71.43,Team AURORA,TCL,0.0,0.0,2016
9,4,5,34.9,125,112,1.12,0.76,-0.38,-0.02,-11.0,0.67,0.56,0.44,0.65,0.56,0.47,0.0,0.22,0.29,0.494,0.47,3.21,0.46,1.39,44.44,Team Empire,LCL,0.0,0.0,2016
11,5,6,32.2,144,146,0.99,0.82,0.42,0.006999999999999999,864.0,0.64,0.45,0.45,0.62,0.36,0.6,0.0,0.18,0.18,0.501,0.547,3.43,0.6,1.32,45.45,Team Liquid,LCS,0.0,0.0,2016
14,6,8,37.1,128,141,0.91,0.51,-0.1,-0.006,-433.0,0.5,0.57,0.79,0.54,0.64,0.67,0.0,0.5,0.53,0.495,0.485,3.35,0.58,1.78,42.86,Team Turquality,TCL,0.0,0.0,2016
4,1,3,35.6,28,43,0.65,0.5,-0.83,-0.067,-630.0,0.25,0.5,0.75,0.67,0.5,0.31,0.0,0.25,0.2,0.493,0.447,3.99,0.94,1.67,25.0,Team Vitality,LEC,0.0,0.0,2016
12,8,4,34.7,137,125,1.1,0.63,0.0,0.0,0.0,0.0,0.0,0.0,0.0,0.0,0.47,0.0,0.0,0.55,0.0,0.0,0.0,0.0,0.0,66.67,Team WE,LPL,0.0,0.0,2016
3,0,3,37.5,34,61,0.56,0.84,-0.1,-0.03,773.0,0.0,0.33,0.67,0.2,0.67,0.33,0.0,0.0,0.2,0.505,0.516,3.74,0.75,1.31,0.0,Unicorns of Love,LEC,0.0,0.0,2016
6,0,6,41.5,30,124,0.24,0.61,0.0,0.0,0.0,0.0,0.0,0.0,0.0,0.0,0.44,0.0,0.0,0.0,0.0,0.0,0.0,0.0,0.0,0.0,Unsold Stuff Gaming,LJL,0.0,0.0,2016
5,2,3,34.2,54,73,0.74,0.74,-1.46,-0.10800000000000001,-1852.0,0.2,0.4,0.4,0.63,0.8,0.53,0.0,0.0,0.0,0.478,0.413,3.43,0.5,1.09,40.0,Vega Squadron,LCL,0.0,0.0,2016
7,3,4,31.5,75,78,0.96,0.69,0.0,0.0,0.0,0.0,0.0,0.0,0.0,0.0,0.38,0.0,0.0,0.5,0.0,0.0,0.0,0.0,0.0,42.86,Vici Gaming,LPL,0.0,0.0,2016
6,3,3,35.7,56,52,1.08,0.5,1.42,0.102,1322.0,1.0,0.5,0.83,0.57,0.5,0.74,0.0,0.17,0.33,0.51,0.545,3.62,0.67,1.43,50.0,Vivo Keyd,CBLOL,0.0,0.0,2016
3,0,3,34.0,16,50,0.32,0.65,-2.36,-0.12,-2352.0,0.0,0.33,0.0,1.0,0.33,0.33,0.0,0.0,0.0,0.49,0.445,3.94,0.71,1.34,0.0,ahq eSports Club,PCS,0.0,0.0,2016
2,0,2,37.8,14,35,0.4,0.65,0.35,-0.006,859.0,0.5,0.0,0.0,0.67,0.0,0.0,0.0,0.0,0.0,0.521,0.532,3.48,0.65,1.58,0.0,g3nerationX,CBLOL,0.0,0.0,2016
5,1,4,45.1,51,61,0.84,0.5,0.47,-0.008,876.0,0.6,1.0,0.6,0.33,0.6,0.5,0.0,0.2,0.33,0.494,0.513,3.55,0.57,1.52,20.0,paiN Gaming,CBLOL,0.0,0.0,2016
14,3,11,38.0,146,170,0.86,0.59,-1.12,-0.083,-829.0,0.5,0.36,0.21,0.64,0.29,0.25,0.0,0.36,0.32,0.479,0.45899999999999996,3.49,0.61,1.32,21.43,ÇİLEKLER,TCL,0.0,0.0,2016
8,5,3,33.3,94,85,1.11,0.67,0.07,-0.005,-443.0,0.75,0.38,0.75,0.0,0.38,0.48,0.0,0.63,0.71,0.508,0.52,3.74,0.99,1.23,62.5,Cloud9,LCS,50.3,12.2,2017
5,2,3,36.4,73,68,1.07,0.77,-0.42,0.039,-144.0,0.6,0.4,0.4,0.0,0.4,0.47,0.33,0.2,0.25,0.503,0.505,3.73,1.24,1.4,40.0,Counter Logic Gaming,LCS,45.4,-5.4,2017
28,15,13,35.2,451,460,0.98,0.93,0.29,0.031,333.0,0.46,0.5,0.71,0.5,0.57,0.58,0.5,0.54,0.55,0.508,0.51,3.03,0.56,1.07,53.57,Crew e-Sports Club,TCL,54.5,-0.9,2017
28,10,18,34.5,342,438,0.78,0.81,-1.02,-0.078,-1024.0,0.39,0.43,0.36,0.33,0.33,0.38,0.8,0.39,0.42,0.503,0.461,2.93,0.77,1.06,35.71,Dark Passage,TCL,37.1,-1.4,2017
3,0,3,37.8,35,56,0.63,0.8,-1.52,-0.13699999999999998,-1836.0,0.33,0.33,0.0,0.0,0.33,0.25,0.0,0.0,0.0,0.493,0.474,3.92,1.23,1.27,0.0,DetonatioN FocusMe,LJL,29.4,-29.4,2017
3,0,3,40.3,25,41,0.61,0.55,-0.89,-0.095,-794.0,0.67,0.0,0.0,0.0,0.0,0.17,0.5,0.33,0.4,0.507,0.49200000000000005,3.28,0.92,1.46,0.0,Dignitas,LCS,34.6,-34.6,2017
12,7,5,34.1,152,143,1.06,0.72,0.0,0.0,0.0,0.64,0.82,0.0,0.0,0.0,0.69,0.0,0.0,0.61,0.0,0.532,3.74,1.11,1.46,58.33,EDward Gaming,LPL,0.0,0.0,2017
28,14,14,37.1,388,385,1.01,0.74,0.08,0.02,-39.0,0.5,0.25,0.46,0.7,0.46,0.4,0.15,0.46,0.41,0.505,0.514,3.41,0.92,1.26,50.0,Fenerbahçe Esports,TCL,44.8,5.2,2017
4,3,1,38.7,59,25,2.36,0.54,2.0,0.126,2469.0,0.75,1.0,0.75,0.0,0.5,0.54,0.0,0.75,0.83,0.49,0.486,4.53,1.56,1.64,75.0,Flash Wolves,PCS,78.6,-3.6,2017
14,5,9,35.6,148,138,1.07,0.57,-0.61,-0.024,-1171.0,0.43,0.5,0.36,0.2,0.36,0.45,0.5,0.43,0.56,0.488,0.452,4.15,1.25,1.31,35.71,Flash Wolves,MSI,38.4,-2.7,2017
13,5,8,35.2,136,207,0.66,0.75,-0.29,-0.046,-79.0,0.54,0.54,0.38,0.0,0.54,0.43,0.75,0.54,0.59,0.49700000000000005,0.488,3.38,0.77,1.34,38.46,FlyQuest,LCS,53.1,-14.6,2017
10,7,3,35.3,151,82,1.84,0.66,0.95,0.076,441.0,0.6,0.6,0.7,0.83,0.5,0.57,0.33,0.9,0.76,0.494,0.526,3.7,0.94,1.3,70.0,Fnatic,LEC,53.7,16.3,2017
18,8,10,38.1,205,245,0.84,0.66,-0.59,-0.053,224.0,0.44,0.5,0.28,0.5,0.5,0.4,0.33,0.22,0.29,0.504,0.49200000000000005,3.61,0.98,1.33,44.44,G2 Esports,MSI,53.1,-8.6,2017
8,6,2,38.6,121,90,1.34,0.68,0.94,0.081,703.0,0.75,0.38,0.38,0.67,0.38,0.58,1.0,0.5,0.64,0.499,0.514,3.65,1.01,1.31,75.0,G2 Esports,LEC,57.5,17.5,2017
10,3,7,33.5,131,190,0.69,0.96,-0.31,-0.048,-877.0,0.8,0.4,0.5,0.5,0.4,0.41,0.0,0.4,0.4,0.49200000000000005,0.49200000000000005,3.38,1.08,1.55,30.0,GAM Esports,MSI,39.9,-9.9,2017
28,13,15,33.8,426,408,1.04,0.88,-0.42,-0.006999999999999999,-446.0,0.64,0.43,0.32,0.4,0.46,0.43,0.8,0.54,0.53,0.489,0.478,3.05,0.82,0.92,46.43,Galakticos,TCL,47.5,-1.1,2017
28,8,20,35.6,360,418,0.86,0.78,-0.7,-0.077,-918.0,0.36,0.43,0.32,0.25,0.25,0.33,0.75,0.29,0.38,0.499,0.47100000000000003,3.03,0.66,0.98,28.57,Galatasaray Esports,TCL,38.9,-10.3,2017
3,0,3,35.6,20,59,0.34,0.74,-2.75,-0.18600000000000003,-1752.0,0.33,0.0,0.33,0.0,0.33,0.33,0.0,0.0,0.0,0.514,0.426,3.78,1.1,1.2,0.0,H2k-Gaming,LEC,32.2,-32.2,2017
28,14,14,35.2,469,435,1.08,0.92,0.11,0.013000000000000001,109.0,0.57,0.57,0.43,0.4,0.57,0.56,0.25,0.46,0.46,0.493,0.54,3.26,0.87,1.12,50.0,HWA Gaming,TCL,53.5,-3.5,2017
9,4,5,34.7,110,111,0.99,0.71,0.0,0.0,0.0,0.38,0.63,0.0,0.0,0.0,0.41,0.0,0.0,0.58,0.0,0.509,3.79,0.94,1.48,44.44,I May,LPL,0.0,0.0,2017
4,1,3,40.3,43,66,0.65,0.68,-1.37,-0.062,-1768.0,0.5,0.0,0.0,1.0,0.25,0.33,0.5,0.25,0.43,0.504,0.46299999999999997,3.78,0.92,1.18,25.0,INTZ,CBLOL,31.5,-6.5,2017
3,0,3,38.2,30,52,0.58,0.7,0.0,0.0,0.0,0.33,0.0,0.0,0.0,0.0,0.23,0.0,0.0,0.0,0.0,0.47200000000000003,3.89,0.89,1.35,0.0,Invictus Gaming,LPL,0.0,0.0,2017
7,3,4,37.2,98,96,1.02,0.74,0.0,-0.028999999999999998,-22.0,0.57,0.43,0.57,0.0,0.29,0.24,0.0,0.43,0.45,0.505,0.45799999999999996,4.27,1.19,1.19,42.86,J Team,PCS,40.3,2.6,2017
6,3,3,31.6,59,81,0.73,0.74,-0.02,-0.04,145.0,0.67,0.67,0.83,0.33,0.67,0.58,0.0,0.33,0.4,0.498,0.473,3.44,1.08,1.12,50.0,Just Toys Havoks,LLA,54.4,-4.4,2017
9,6,3,32.7,119,120,0.99,0.81,0.81,0.042,898.0,0.44,0.67,0.78,0.67,0.22,0.4,0.0,0.44,0.55,0.506,0.503,4.0,1.12,1.38,66.67,KT Rolster,LCK,59.5,7.2,2017
2,0,2,35.3,17,37,0.46,0.76,-0.49,-0.05,-1156.0,0.5,1.0,0.5,0.0,0.5,0.29,0.0,0.5,0.5,0.501,0.613,4.0,0.99,1.11,0.0,Kwangdong Freecs,LCK,42.1,-42.1,2017
6,6,0,29.7,104,38,2.74,0.8,1.48,0.13,1801.0,0.67,0.5,0.5,0.0,0.4,0.47,0.0,0.83,0.86,0.516,0.603,3.44,0.84,1.06,100.0,Lyon Gaming,LLA,57.0,43.0,2017
5,2,3,34.6,59,69,0.86,0.74,-1.22,-0.027999999999999997,-2018.0,0.0,0.2,0.4,1.0,0.4,0.58,0.0,0.6,0.5,0.49200000000000005,0.48200000000000004,3.4,0.82,1.13,40.0,M19,LCL,21.7,18.3,2017
5,2,3,35.6,71,55,1.29,0.71,-0.39,-0.04,318.0,0.6,0.2,0.2,1.0,0.6,0.56,1.0,0.4,0.33,0.5,0.44,3.39,0.93,1.56,40.0,MVP,LCK,49.5,-9.5,2017
4,1,3,38.5,44,80,0.55,0.8,-0.86,-0.069,-982.0,0.25,0.5,0.25,0.0,0.75,0.75,1.0,0.25,0.29,0.49,0.52,3.94,1.23,1.77,25.0,Machi Esports,PCS,50.9,-25.9,2017
12,4,8,39.4,146,148,0.99,0.62,-0.39,-0.054000000000000006,-510.0,0.25,0.5,0.42,0.5,0.5,0.54,0.6,0.33,0.35,0.488,0.504,3.69,0.93,1.56,33.33,Misfits Gaming,LEC,45.2,-11.9,2017
6,3,3,38.1,84,83,1.01,0.73,0.0,0.0,0.0,0.6,0.6,0.0,0.0,0.0,0.55,0.0,0.0,0.6,0.0,0.493,3.57,1.01,1.63,50.0,Newbee,LPL,0.0,0.0,2017
14,6,8,35.4,174,222,0.78,0.8,0.0,0.0,0.0,0.57,0.21,0.0,0.0,0.0,0.56,0.0,0.0,0.33,0.0,0.504,3.6,0.84,1.32,42.86,Oh My God,LPL,0.0,0.0,2017
11,6,5,35.6,129,106,1.22,0.6,0.21,0.006,0.0,0.36,0.64,0.55,1.0,0.55,0.63,0.33,0.36,0.46,0.49200000000000005,0.507,3.84,0.99,1.34,54.55,Phoenix1,LCS,48.5,6.0,2017
3,0,3,28.6,16,49,0.33,0.76,-2.37,-0.096,-3319.0,0.0,0.33,0.33,0.0,0.5,0.57,0.0,0.33,0.25,0.486,0.374,3.18,0.77,0.86,0.0,Predators Esports,LLA,32.7,-32.7,2017
4,2,2,29.8,38,38,1.0,0.64,0.0,0.0,0.0,0.67,0.67,0.0,0.0,0.0,0.64,0.0,0.0,0.25,0.0,0.46399999999999997,3.42,1.0,1.65,50.0,QG Reapers,LPL,0.0,0.0,2017
7,6,1,35.1,82,40,2.05,0.5,1.26,0.092,1184.0,0.86,0.57,0.57,1.0,0.5,0.53,0.0,0.71,0.8,0.507,0.502,3.94,1.2,1.54,85.71,RED Canids,CBLOL,61.7,24.0,2017
8,6,2,37.4,103,90,1.14,0.64,0.87,0.069,1023.0,0.75,0.63,0.75,1.0,0.5,0.58,0.5,0.75,0.67,0.511,0.539,3.59,0.99,1.56,75.0,Rampage,LJL,60.4,14.6,2017
7,3,4,37.9,92,76,1.21,0.63,0.0,0.0,0.0,0.4,0.6,0.0,0.0,0.0,0.32,0.0,0.0,0.45,0.0,0.478,3.79,0.9,1.51,42.86,Royal Never Give Up,LPL,0.0,0.0,2017
17,14,3,33.2,256,152,1.68,0.72,1.43,0.122,1545.0,0.47,0.47,0.76,0.82,0.76,0.75,1.0,0.82,0.83,0.513,0.5660000000000001,3.14,0.71,1.45,82.35,SK Telecom T1,MSI,65.0,17.3,2017
3,3,0,32.4,61,26,2.35,0.89,0.77,0.122,-92.0,1.0,0.67,0.67,0.0,1.0,0.9,0.0,1.0,1.0,0.502,0.532,3.47,0.84,1.49,100.0,SK Telecom T1,LCK,53.2,46.8,2017
3,0,3,30.0,24,55,0.44,0.88,-2.34,-0.147,-2363.0,0.0,0.0,0.0,0.0,0.67,0.44,0.0,0.33,0.33,0.479,0.483,3.43,1.0,1.39,0.0,Samsung Galaxy,LCK,24.5,-24.5,2017
5,2,3,42.2,40,84,0.48,0.58,0.0,-0.003,529.0,0.4,0.8,0.6,0.0,0.4,0.28,0.33,0.2,0.29,0.511,0.504,4.01,1.13,1.68,40.0,Splyce,LEC,54.5,-14.5,2017
28,22,6,32.8,477,353,1.35,0.9,1.32,0.081,1422.0,0.54,0.79,0.79,0.83,0.82,0.75,1.0,0.71,0.81,0.502,0.505,3.19,0.81,1.13,78.57,SuperMassive Esports,TCL,67.1,11.5,2017
11,4,7,39.6,118,149,0.79,0.61,-0.56,-0.08900000000000001,-894.0,0.45,0.45,0.45,0.0,0.64,0.53,0.71,0.27,0.28,0.496,0.47,3.9,1.07,1.3,36.36,TSM,MSI,44.4,-8.0,2017
8,6,2,33.9,131,82,1.6,0.78,0.81,0.08199999999999999,958.0,0.25,0.63,0.63,0.0,0.75,0.64,1.0,0.38,0.5,0.504,0.489,3.77,0.88,1.18,75.0,TSM,LCS,55.4,19.6,2017
28,16,12,36.3,436,460,0.95,0.88,0.38,0.016,562.0,0.54,0.61,0.61,0.33,0.52,0.58,0.4,0.46,0.47,0.501,0.522,3.08,0.79,1.11,57.14,Team AURORA,TCL,56.6,0.5,2017
14,8,6,35.2,181,165,1.1,0.7,0.52,0.047,336.0,0.5,0.64,0.64,0.5,0.29,0.45,0.0,0.64,0.64,0.5,0.507,3.63,0.87,1.27,57.14,Team WE,MSI,51.0,6.1,2017
7,6,1,38.7,127,85,1.49,0.78,0.0,0.0,0.0,0.2,0.4,0.0,0.0,0.0,0.42,0.0,0.0,0.75,0.0,0.48,3.68,0.95,1.33,85.71,Team WE,LPL,0.0,0.0,2017
8,4,4,40.5,106,122,0.87,0.7,-0.44,-0.022000000000000002,-163.0,0.63,0.5,0.5,0.33,0.75,0.53,0.33,0.5,0.54,0.514,0.47200000000000003,3.36,0.79,1.14,50.0,Unicorns of Love,LEC,48.9,1.1,2017
5,2,3,37.1,54,47,1.15,0.54,-0.47,-0.028999999999999998,-536.0,0.2,0.4,0.4,0.0,0.6,0.53,1.0,0.4,0.5,0.48700000000000004,0.45399999999999996,3.7,0.96,1.32,40.0,Unsold Stuff Gaming,LJL,45.8,-5.8,2017
9,5,4,33.7,131,138,0.95,0.88,0.08,-0.008,-27.0,0.44,0.56,0.56,0.67,0.33,0.43,0.0,0.44,0.42,0.503,0.518,3.54,0.77,1.28,55.56,Vaevictis eSports,LCL,49.3,6.3,2017
4,1,3,30.3,43,65,0.66,0.89,-1.86,-0.114,-1487.0,0.25,0.25,0.25,0.5,0.25,0.23,0.0,0.25,0.2,0.493,0.42,3.48,0.78,0.96,25.0,Vega Squadron,LCL,27.2,-2.2,2017
10,6,4,35.6,163,126,1.29,0.81,1.16,0.067,1628.0,0.9,0.7,0.6,0.0,0.8,0.62,1.0,0.6,0.69,0.504,0.525,3.59,1.12,1.43,60.0,Virtus.pro,LCL,73.9,-13.9,2017
7,3,4,39.2,83,88,0.94,0.62,-0.04,-0.037000000000000005,388.0,0.29,0.86,0.71,0.0,0.67,0.65,0.5,0.43,0.42,0.49200000000000005,0.527,4.21,1.4,1.51,42.86,Vivo Keyd,CBLOL,55.3,-12.4,2017
3,0,3,32.4,26,37,0.7,0.65,-0.57,-0.084,-574.0,0.33,0.33,0.0,0.67,0.33,0.36,0.0,0.0,0.0,0.48700000000000004,0.475,3.68,1.01,0.94,0.0,ZAGA Talent Gaming,LLA,44.5,-44.5,2017
7,4,3,37.3,77,77,1.0,0.59,-0.69,-0.004,-827.0,0.43,0.29,0.43,0.0,0.57,0.59,1.0,0.57,0.5,0.507,0.539,3.65,0.97,1.76,57.14,ahq eSports Club,PCS,42.8,14.3,2017
4,1,3,33.2,23,37,0.62,0.45,-0.58,-0.033,-983.0,0.25,0.25,0.5,0.0,0.5,0.43,0.0,0.25,0.2,0.49700000000000005,0.48700000000000004,3.96,1.14,1.12,25.0,paiN Gaming,CBLOL,38.8,-13.8,2017
8,3,5,37.0,61,79,0.77,0.47,-0.2,-0.034,-480.0,0.75,0.75,0.5,0.25,0.38,0.39,0.5,0.25,0.36,0.504,0.489,3.48,1.09,1.65,37.5,100 Thieves,LCS,43.7,-6.2,2018
7,4,3,32.5,70,68,1.03,0.61,0.43,0.008,317.0,0.71,0.67,0.5,0.75,0.5,0.65,0.0,0.4,0.6,0.49,0.532,4.09,1.31,1.56,57.14,Bilibili Gaming,LPL,54.6,-4.6,2018
8,3,5,37.0,105,161,0.65,0.9,-2.32,-0.10400000000000001,-2847.0,0.25,0.5,0.38,0.29,0.38,0.41,1.0,0.38,0.36,0.505,0.456,3.36,1.01,1.46,37.5,CNB e-Sports Club,CBLOL,23.0,14.5,2018
3,0,3,38.8,22,30,0.73,0.45,0.07,-0.043,526.0,0.33,0.67,0.67,0.0,0.33,0.42,0.5,0.33,0.2,0.507,0.48100000000000004,2.98,1.09,1.83,0.0,Cloud9,LCS,53.7,-53.7,2018
12,5,7,35.0,104,113,0.92,0.52,-0.6,-0.05,-867.0,0.25,0.33,0.25,0.42,0.33,0.4,0.5,0.5,0.47,0.489,0.456,4.29,1.27,1.39,41.67,Clutch Gaming,LCS,42.9,-1.2,2018
28,12,16,34.0,287,269,1.07,0.58,0.36,-0.027999999999999997,618.0,0.71,0.54,0.43,0.54,0.41,0.48,0.4,0.5,0.48,0.498,0.496,4.19,1.12,1.52,42.86,Dark Passage,TCL,52.8,-9.9,2018
3,0,3,39.8,8,31,0.26,0.33,-2.31,-0.184,-1421.0,0.33,0.0,0.0,0.0,0.67,0.17,0.0,0.0,0.0,0.486,0.376,4.36,1.48,1.48,0.0,DetonatioN FocusMe,LJL,28.8,-28.8,2018
8,4,4,31.6,86,81,1.06,0.66,0.13,-0.001,279.0,0.5,0.5,0.5,0.6,0.63,0.5,0.0,0.5,0.42,0.499,0.46799999999999997,3.42,1.23,1.47,50.0,EDward Gaming,LPL,53.5,-3.5,2018
5,3,2,31.8,78,65,1.2,0.9,0.17,0.028999999999999998,-231.0,0.2,0.6,0.8,0.2,0.4,0.47,1.0,0.6,0.6,0.498,0.494,3.84,1.21,1.37,60.0,EVOS Esports,VCS,49.5,10.5,2018
10,2,8,32.8,81,158,0.51,0.73,-1.74,-0.13,-1298.0,0.4,0.2,0.2,0.25,0.2,0.3,1.0,0.3,0.31,0.485,0.507,4.24,1.36,1.19,20.0,EVOS Esports,MSI,34.1,-14.1,2018
7,4,3,27.9,72,84,0.86,0.8,1.53,0.069,2118.0,0.86,0.57,0.71,0.86,0.57,0.6,0.0,0.43,0.5,0.501,0.599,3.57,0.85,1.05,57.14,Echo Fox,LCS,67.5,-10.4,2018
28,15,13,35.3,348,266,1.31,0.62,1.01,0.057,855.0,0.5,0.54,0.57,0.44,0.57,0.6,0.43,0.54,0.54,0.501,0.537,4.21,1.2,1.71,53.57,Fenerbahçe Esports,TCL,59.1,-5.5,2018
3,3,0,33.8,43,21,2.05,0.63,0.61,0.10400000000000001,215.0,0.33,0.33,0.67,1.0,0.67,0.63,1.0,1.0,1.0,0.489,0.545,5.13,1.57,1.65,100.0,Flash Wolves,PCS,60.8,39.2,2018
15,8,7,32.6,156,126,1.24,0.58,0.08,-0.006999999999999999,160.0,0.73,0.6,0.67,0.77,0.67,0.5,0.5,0.6,0.45,0.496,0.48,4.07,1.43,1.47,53.33,Flash Wolves,MSI,52.1,1.2,2018
14,5,9,37.7,157,201,0.78,0.68,0.22,0.008,633.0,0.5,0.5,0.57,0.85,0.29,0.38,0.2,0.36,0.33,0.505,0.499,3.8,1.04,1.41,35.71,Fnatic,MSI,56.6,-20.8,2018
7,6,1,32.5,97,60,1.62,0.69,0.25,0.061,376.0,0.43,0.43,0.57,0.2,0.43,0.55,0.0,0.57,0.5,0.515,0.546,4.0,1.27,1.26,85.71,Fnatic,LEC,53.0,32.7,2018
9,4,5,40.3,128,99,1.29,0.63,-0.42,-0.012,-193.0,0.44,0.44,0.33,0.5,0.11,0.23,0.4,0.33,0.47,0.509,0.462,4.42,1.32,1.59,44.44,Furious Gaming,LLA,46.1,-1.7,2018
6,3,3,34.2,67,76,0.88,0.7,-0.44,-0.03,-459.0,0.83,0.5,0.33,0.17,0.5,0.61,0.0,0.17,0.33,0.499,0.493,4.3,1.5,1.61,50.0,G-Rex,PCS,40.3,9.7,2018
7,3,4,37.1,77,69,1.12,0.56,1.11,0.044000000000000004,609.0,0.57,0.57,0.86,0.83,0.57,0.5,0.5,0.86,0.77,0.498,0.484,4.32,1.3,1.63,42.86,G2 Esports,LEC,58.4,-15.6,2018
13,8,5,34.9,214,172,1.24,0.85,0.58,0.035,561.0,0.62,0.69,0.46,0.85,0.54,0.58,0.5,0.62,0.61,0.49200000000000005,0.541,4.52,1.24,1.57,61.54,GAM Esports,VCS,55.2,6.3,2018
28,3,25,30.7,203,424,0.48,0.73,-1.94,-0.146,-2602.0,0.25,0.25,0.18,0.2,0.18,0.25,0.67,0.11,0.3,0.48700000000000004,0.434,3.57,0.94,1.18,10.71,Galakticos,TCL,27.6,-16.9,2018
7,6,1,33.0,118,76,1.55,0.84,0.8,0.062,601.0,0.71,0.43,0.71,0.57,0.71,0.89,0.0,0.71,0.75,0.505,0.536,3.93,1.08,1.47,85.71,Gambit Esports,LCL,59.0,26.7,2018
5,2,3,33.9,52,52,1.0,0.61,-0.51,0.054000000000000006,-401.0,0.4,0.2,0.2,0.8,0.4,0.41,0.67,0.6,0.44,0.508,0.509,3.97,1.36,1.07,40.0,H2k-Gaming,LEC,41.1,-1.1,2018
28,11,17,32.3,271,357,0.76,0.69,-1.21,-0.065,-983.0,0.48,0.37,0.33,0.29,0.44,0.36,0.5,0.37,0.37,0.499,0.44799999999999995,4.15,1.18,1.36,39.29,HWA Gaming,TCL,39.1,-2.1,2018
5,2,3,41.1,52,82,0.63,0.65,0.79,-0.011000000000000001,960.0,0.6,0.8,0.8,0.5,1.0,0.88,0.75,0.6,0.45,0.484,0.5710000000000001,5.41,1.56,1.52,40.0,Hafnet eSports,LLA,65.0,-25.0,2018
9,3,6,36.1,108,143,0.76,0.77,-0.57,-0.047,-572.0,0.22,0.56,0.56,0.57,0.22,0.34,0.0,0.44,0.4,0.49200000000000005,0.462,3.57,1.32,1.49,33.33,Invictus Gaming,LPL,44.4,-11.1,2018
6,3,3,29.5,78,66,1.18,0.81,0.37,0.003,533.0,0.5,0.67,0.67,0.67,0.5,0.41,0.0,0.5,0.5,0.499,0.494,4.96,1.57,1.33,50.0,Isurus,LLA,60.2,-10.2,2018
2,0,2,32.1,11,31,0.35,0.65,-3.06,-0.193,-2408.0,0.0,0.0,0.0,0.0,0.0,0.0,0.0,0.0,0.0,0.508,0.408,3.82,1.33,1.58,0.0,JD Gaming,LPL,18.5,-18.5,2018
3,1,2,40.5,23,42,0.55,0.54,-1.43,-0.136,-581.0,0.67,0.33,0.0,1.0,0.67,0.31,0.5,0.0,0.2,0.494,0.456,4.61,1.65,1.88,33.33,KSV eSports,LCK,42.0,-8.7,2018
8,4,4,33.0,72,65,1.11,0.52,0.82,0.038,559.0,0.75,0.63,0.5,0.33,0.5,0.55,0.0,0.5,0.58,0.513,0.523,4.46,1.45,1.83,50.0,KT Rolster,LCK,55.3,-5.3,2018
5,3,2,33.3,58,66,0.88,0.74,0.8,0.023,1939.0,0.8,0.6,0.6,0.4,0.6,0.43,1.0,0.2,0.38,0.518,0.524,4.08,1.36,1.36,60.0,KaBuM! e-Sports,CBLOL,67.5,-7.5,2018
8,6,2,32.0,97,78,1.24,0.68,0.57,0.081,756.0,0.75,0.5,0.5,0.43,0.75,0.72,0.0,0.63,0.67,0.512,0.524,4.09,1.4,1.52,75.0,Kaos Latin Gamers,LLA,58.2,16.8,2018
18,10,8,33.5,195,188,1.04,0.63,0.46,0.045,62.0,0.33,0.56,0.44,0.25,0.5,0.54,0.5,0.56,0.69,0.5,0.508,3.87,1.25,1.7,55.56,Kingzone DragonX,MSI,51.5,4.0,2018
4,3,1,37.5,45,25,1.8,0.47,0.28,0.046,1080.0,0.5,0.5,0.5,1.0,0.5,0.46,0.0,0.5,0.43,0.502,0.539,4.65,1.39,2.11,75.0,Kingzone DragonX,LCK,58.6,16.4,2018
8,4,4,34.2,61,68,0.9,0.47,0.07,-0.015,-143.0,0.5,0.63,0.63,0.5,0.38,0.52,1.0,0.63,0.58,0.489,0.48700000000000004,4.61,1.62,1.87,50.0,Kwangdong Freecs,LCK,48.8,1.2,2018
3,0,3,30.2,20,50,0.4,0.77,-2.15,-0.16399999999999998,-1738.0,0.33,0.33,0.0,0.33,0.0,0.13,0.0,0.0,0.0,0.473,0.44299999999999995,3.48,1.2,1.67,0.0,Legatum,LLA,24.4,-24.4,2018
10,4,6,34.7,108,124,0.87,0.67,-0.87,-0.057,-735.0,0.7,0.2,0.3,0.44,0.4,0.42,0.0,0.3,0.38,0.505,0.47100000000000003,3.48,1.13,1.33,40.0,M19,LCL,43.4,-3.4,2018
7,3,4,34.8,80,77,1.04,0.65,0.66,0.027999999999999997,531.0,0.43,0.57,0.86,0.86,0.71,0.52,0.0,0.71,0.58,0.5,0.519,4.43,1.4,1.25,42.86,MAD Team,PCS,62.4,-19.5,2018
4,1,3,34.8,31,47,0.66,0.56,-0.96,-0.08199999999999999,-402.0,0.25,0.5,0.0,0.0,0.0,0.27,0.0,0.25,0.29,0.508,0.442,3.23,1.1,1.59,25.0,Machi Esports,PCS,34.7,-9.7,2018
7,6,1,39.7,81,53,1.53,0.48,0.99,0.11,753.0,0.43,0.71,0.86,0.6,0.57,0.72,1.0,0.71,0.73,0.503,0.5589999999999999,3.67,1.14,2.0,85.71,PENTAGRAM,LJL,61.7,24.0,2018
5,2,3,39.4,104,78,1.33,0.92,1.82,0.049,3119.0,0.6,0.6,0.6,0.75,0.6,0.54,0.0,0.4,0.44,0.48700000000000004,0.496,4.42,1.78,1.47,40.0,ProGaming Esports,CBLOL,82.3,-42.3,2018
5,2,3,39.7,48,49,0.98,0.49,-0.92,-0.013000000000000001,-471.0,0.2,0.2,0.2,0.4,0.2,0.24,0.67,0.6,0.27,0.502,0.47100000000000003,3.18,1.03,1.33,40.0,RED Canids,CBLOL,39.9,0.1,2018
9,5,4,36.3,97,97,1.0,0.59,-0.08,-0.001,-789.0,0.33,0.33,0.56,0.5,0.56,0.51,0.0,0.67,0.57,0.499,0.5,4.02,1.35,1.54,55.56,Rebirth eSports,LLA,40.0,15.5,2018
8,3,5,31.8,79,93,0.85,0.68,0.05,-0.008,304.0,0.38,0.88,0.38,0.29,0.63,0.55,1.0,0.38,0.36,0.49,0.478,3.3,0.98,1.0,37.5,RoX,LCL,49.2,-11.7,2018
13,7,6,34.3,167,161,1.04,0.74,0.25,0.023,438.0,0.46,0.54,0.46,0.2,0.62,0.62,0.0,0.5,0.55,0.506,0.512,3.89,1.25,1.52,53.85,Rogue Warriors,LPL,53.2,0.7,2018
28,21,7,30.6,332,181,1.83,0.6,1.13,0.096,1286.0,0.68,0.71,0.75,0.57,0.57,0.65,0.5,0.71,0.76,0.511,0.534,4.14,1.01,1.49,75.0,Royal Bandits,TCL,62.4,12.6,2018
18,14,4,34.7,245,137,1.79,0.61,0.47,0.055,617.0,0.5,0.56,0.56,0.33,0.72,0.63,0.67,0.72,0.73,0.502,0.5329999999999999,3.83,1.18,1.62,77.78,Royal Never Give Up,MSI,56.5,21.3,2018
15,11,4,35.3,191,118,1.62,0.58,0.23,0.055999999999999994,66.0,0.53,0.53,0.6,0.7,0.6,0.63,0.0,0.64,0.55,0.503,0.535,3.99,1.23,1.66,73.33,Royal Never Give Up,LPL,51.9,21.4,2018
7,3,4,37.4,71,73,0.97,0.55,-0.4,0.006,-844.0,0.14,0.29,0.57,0.4,0.57,0.54,0.5,0.57,0.5,0.499,0.485,4.4,1.43,2.05,42.86,SK Telecom T1,LCK,43.8,-1.0,2018
4,1,3,35.4,29,59,0.49,0.62,-0.55,-0.086,-537.0,0.5,0.0,0.25,0.33,0.25,0.29,0.0,0.33,0.33,0.504,0.485,4.1,1.29,1.55,25.0,Snake Esports,LPL,41.7,-16.7,2018
12,7,5,35.1,120,99,1.21,0.52,-0.36,0.001,-599.0,0.67,0.5,0.42,0.4,0.42,0.49,0.5,0.5,0.53,0.502,0.47700000000000004,4.14,1.47,1.73,58.33,Splyce,LEC,39.3,19.0,2018
28,26,2,31.1,440,242,1.82,0.78,1.7,0.138,2031.0,0.46,0.75,0.86,0.68,0.78,0.74,1.0,0.89,0.83,0.509,0.546,4.11,1.15,1.4,92.86,SuperMassive Esports,TCL,69.9,23.0,2018
4,1,3,33.0,23,49,0.47,0.55,-0.31,-0.027000000000000003,-471.0,0.75,0.5,0.5,0.5,0.5,0.4,0.0,0.25,0.4,0.506,0.49200000000000005,3.95,1.33,1.46,25.0,TSM,LCS,38.4,-13.4,2018
28,11,17,33.6,274,359,0.76,0.67,-0.65,-0.03,-656.0,0.57,0.39,0.43,0.68,0.36,0.34,0.5,0.36,0.31,0.495,0.512,3.75,1.0,1.51,39.29,Team AURORA,TCL,44.6,-5.3,2018
9,4,5,35.9,121,133,0.91,0.79,0.32,0.021,78.0,0.22,0.56,0.67,0.67,0.33,0.3,1.0,0.67,0.53,0.499,0.524,4.13,1.38,1.4,44.44,Team Just,LCL,51.0,-6.5,2018
11,4,7,35.0,105,132,0.8,0.62,-0.44,-0.047,-956.0,0.55,0.45,0.45,0.44,0.45,0.55,1.0,0.27,0.37,0.509,0.455,3.95,1.27,1.32,36.36,Team Liquid,MSI,40.1,-3.8,2018
10,9,1,31.9,138,65,2.12,0.64,0.15,0.063,-28.0,0.3,0.4,0.6,0.7,0.8,0.74,0.5,0.8,0.79,0.505,0.5,3.95,1.24,1.32,90.0,Team Liquid,LCS,54.8,35.2,2018
3,0,3,32.8,12,43,0.28,0.56,-1.01,-0.16899999999999998,305.0,0.33,0.33,0.33,0.5,0.67,0.4,0.0,0.0,0.0,0.493,0.489,4.07,1.52,1.21,0.0,Team ROCCAT,LEC,56.3,-56.3,2018
14,6,8,32.9,122,157,0.78,0.61,-0.01,-0.036000000000000004,99.0,0.43,0.64,0.5,0.42,0.57,0.55,0.33,0.36,0.43,0.491,0.503,4.08,1.28,1.42,42.86,Team Vitality,LEC,55.2,-12.4,2018
2,0,2,46.6,17,19,0.89,0.39,0.12,-0.02,-559.0,1.0,0.5,0.5,0.0,0.5,0.2,0.0,0.5,0.8,0.489,0.469,3.5,1.27,1.78,0.0,Team WE,LPL,44.8,-44.8,2018
4,1,3,35.4,38,61,0.62,0.7,-0.34,-0.04,-329.0,0.5,0.25,0.5,0.0,0.75,0.44,0.0,0.25,0.33,0.514,0.465,3.89,1.03,1.27,25.0,UTM Esports,VCS,51.0,-26.0,2018
4,1,3,39.6,44,50,0.88,0.59,0.0,-0.054000000000000006,-253.0,0.75,0.5,0.25,0.67,0.25,0.35,0.0,0.5,0.43,0.505,0.489,4.72,1.68,1.39,25.0,Unsold Stuff Gaming,LJL,45.4,-20.4,2018
13,8,5,35.7,172,133,1.29,0.66,0.81,0.040999999999999995,-12.0,0.62,0.54,0.62,0.62,0.62,0.68,0.25,0.69,0.75,0.494,0.531,4.25,1.51,1.22,61.54,Vivo Keyd,CBLOL,51.4,10.1,2018
4,1,3,38.2,55,88,0.63,0.94,-1.57,-0.10800000000000001,-1207.0,0.5,0.0,0.25,0.25,0.25,0.33,0.0,0.25,0.29,0.516,0.408,4.59,1.49,2.03,25.0,Young Generation,VCS,32.8,-7.8,2018
28,13,15,32.0,269,329,0.82,0.67,-0.53,-0.027000000000000003,-606.0,0.33,0.44,0.44,0.63,0.7,0.57,0.0,0.41,0.44,0.5,0.491,3.99,1.08,1.66,46.43,YouthCrew Esports,TCL,44.0,4.2,2018
5,2,3,32.5,60,72,0.83,0.81,-1.06,-0.017,-626.0,0.2,0.4,0.2,0.4,0.6,0.63,0.0,0.6,0.57,0.498,0.457,3.86,1.27,1.03,40.0,All Knights,LLA,43.3,-3.3,2019
19,8,11,35.2,234,262,0.89,0.74,-0.39,-0.040999999999999995,-51.0,0.47,0.53,0.42,0.37,0.26,0.41,0.56,0.42,0.41,0.496,0.489,3.06,1.03,1.34,42.11,Beşiktaş Esports,TCL,48.7,-6.6,2019
18,1,17,31.5,126,269,0.47,0.7,-2.93,-0.131,-3377.0,0.39,0.22,0.11,0.56,0.33,0.16,0.5,0.11,0.12,0.483,0.405,2.91,1.22,1.05,5.56,Bursaspor Esports,TCL,17.2,-11.6,2019
3,0,3,31.3,14,47,0.3,0.65,-3.21,-0.191,-3989.0,0.33,0.33,0.0,0.33,0.0,0.08,0.0,0.0,0.0,0.48700000000000004,0.44,3.16,1.4,1.51,0.0,CNB e-Sports Club,CBLOL,18.2,-18.2,2019
5,2,3,32.7,44,59,0.75,0.63,0.04,0.016,632.0,0.2,0.6,0.6,0.6,0.8,0.56,1.0,0.6,0.5,0.503,0.52,3.35,1.43,1.43,40.0,Cloud9,LCS,57.8,-17.8,2019
3,0,3,29.3,16,36,0.44,0.59,-2.55,-0.171,-3919.0,0.0,0.0,0.0,0.33,0.33,0.38,0.0,0.0,0.0,0.493,0.39299999999999996,4.06,1.16,1.6,0.0,Crest Gaming Act,LJL,13.8,-13.8,2019
6,2,4,29.9,56,98,0.57,0.86,-0.95,-0.05,-588.0,0.17,0.5,0.17,0.67,0.17,0.45,1.0,0.33,0.43,0.505,0.5,3.66,1.6,2.0,33.33,DWG KIA,LCK,33.8,-0.5,2019
19,9,10,32.0,182,192,0.95,0.62,-0.68,-0.033,-1083.0,0.21,0.47,0.42,0.47,0.21,0.42,0.33,0.47,0.48,0.505,0.48,3.39,1.09,1.29,47.37,Dark Passage,TCL,36.1,11.2,2019
3,3,0,34.4,52,26,2.0,0.76,0.3,0.102,336.0,0.67,0.67,0.67,0.67,0.33,0.5,0.0,1.0,0.67,0.506,0.49200000000000005,3.96,1.32,1.6,100.0,DetonatioN FocusMe,LJL,57.4,42.6,2019
3,0,3,33.3,27,39,0.69,0.66,-2.04,-0.125,-1846.0,0.67,0.67,0.0,0.33,0.33,0.15,0.0,0.0,0.0,0.49700000000000005,0.396,2.99,1.25,1.18,0.0,EDward Gaming,LPL,26.5,-26.5,2019
13,7,6,36.4,234,222,1.05,0.96,-0.07,-0.006,77.0,0.54,0.38,0.31,0.54,0.38,0.4,0.5,0.54,0.54,0.498,0.494,3.54,1.3,1.44,53.85,EVOS Esports,VCS,50.4,3.5,2019
4,1,3,34.7,30,67,0.45,0.69,-1.0,-0.068,-1039.0,0.25,0.25,0.5,0.75,0.75,0.5,0.0,0.25,0.29,0.506,0.47600000000000003,2.7,1.02,1.3,25.0,Echo Fox,LCS,41.3,-16.3,2019
7,4,3,30.5,84,82,1.02,0.78,-0.26,0.005,-909.0,0.57,0.29,0.43,0.57,0.43,0.37,0.0,0.57,0.57,0.504,0.51,3.15,1.23,1.46,57.14,Elements Pro Gaming,LCL,43.4,13.7,2019
18,16,2,30.0,294,137,2.15,0.8,2.57,0.16699999999999998,3059.0,0.72,0.94,0.89,0.78,0.72,0.75,1.0,0.83,0.86,0.516,0.598,2.96,1.18,1.31,88.89,Fenerbahçe Esports,TCL,76.9,12.0,2019
8,5,3,35.7,99,89,1.11,0.66,1.83,0.10400000000000001,2998.0,0.75,0.75,0.88,0.88,0.75,0.81,0.2,0.63,0.69,0.507,0.539,3.77,1.25,1.5,62.5,Flamengo Esports,CBLOL,75.6,-13.1,2019
8,6,2,34.9,115,82,1.4,0.71,0.62,0.073,-220.0,0.5,0.5,0.63,0.63,0.63,0.61,0.0,0.75,0.82,0.502,0.542,3.6,1.36,1.6,75.0,Flash Wolves,PCS,49.6,25.4,2019
10,3,7,33.3,112,131,0.85,0.73,-0.95,-0.043,-1459.0,0.5,0.4,0.2,0.4,0.5,0.37,0.67,0.3,0.31,0.49200000000000005,0.41700000000000004,3.72,1.35,1.4,30.0,Flash Wolves,MSI,37.3,-7.3,2019
8,3,5,32.8,72,94,0.77,0.63,-0.73,-0.051,-1153.0,0.13,0.38,0.38,0.25,0.38,0.34,0.0,0.5,0.42,0.49,0.512,3.2,1.12,1.35,37.5,FlyQuest,LCS,37.5,0.0,2019
11,7,4,32.0,165,136,1.21,0.86,0.21,0.079,212.0,0.27,0.64,0.64,0.36,0.64,0.7,0.0,0.73,0.63,0.493,0.585,3.34,1.42,1.43,63.64,Fnatic,LEC,53.6,10.0,2019
5,2,3,37.0,87,98,0.89,1.0,-0.01,0.011000000000000001,-149.0,0.8,0.8,0.8,0.6,0.6,0.55,0.5,0.6,0.5,0.498,0.491,3.04,1.08,1.32,40.0,Friends Forever Gaming,VCS,48.2,-8.2,2019
9,5,4,31.2,130,92,1.41,0.79,0.71,0.055,557.0,0.67,0.44,0.56,0.56,0.44,0.49,1.0,0.78,0.69,0.506,0.53,3.21,1.17,1.31,55.56,FunPlus Phoenix,LPL,53.7,1.9,2019
18,11,7,29.9,266,265,1.0,0.98,-0.21,0.006999999999999999,487.0,0.47,0.41,0.59,0.5,0.41,0.47,0.0,0.47,0.55,0.502,0.509,3.72,1.22,1.69,61.11,G2 Esports,MSI,50.8,8.0,2019
6,6,0,30.0,109,53,2.06,0.9,1.56,0.146,2609.0,0.83,0.5,0.83,0.83,0.5,0.53,0.5,0.67,0.71,0.506,0.57,3.8,1.17,1.51,100.0,G2 Esports,LEC,67.0,33.0,2019
18,2,16,31.0,140,269,0.52,0.73,-0.56,-0.079,-622.0,0.5,0.39,0.28,0.5,0.71,0.44,0.0,0.17,0.14,0.491,0.45799999999999996,3.5,1.3,1.33,11.11,Galakticos,TCL,49.1,-37.4,2019
18,9,9,34.6,238,234,1.02,0.75,0.26,-0.028999999999999998,430.0,0.56,0.61,0.61,0.44,0.61,0.54,0.67,0.39,0.45,0.49700000000000005,0.494,3.1,1.12,1.26,50.0,Galatasaray Esports,TCL,58.8,-8.8,2019
3,0,3,29.2,31,42,0.74,0.83,-0.34,-0.105,-1280.0,0.67,0.33,0.33,0.0,0.33,0.36,0.0,0.33,0.25,0.49200000000000005,0.445,2.69,1.11,1.09,0.0,Gambit Esports,LCL,34.6,-34.6,2019
5,2,3,33.5,57,54,1.06,0.66,-0.02,0.024,378.0,0.8,0.4,0.4,0.6,0.6,0.59,1.0,0.4,0.57,0.504,0.45399999999999996,3.75,1.32,1.67,40.0,Golden Guardians,LCS,51.5,-11.5,2019
3,0,3,32.9,18,46,0.39,0.65,-0.6,-0.081,222.0,0.33,0.67,0.67,1.0,0.67,0.42,1.0,0.33,0.33,0.489,0.423,4.46,1.25,1.72,0.0,Griffin,LCK,54.7,-54.7,2019
18,6,12,33.1,187,259,0.72,0.75,-0.94,-0.057,-952.0,0.5,0.22,0.28,0.28,0.44,0.4,0.33,0.44,0.54,0.496,0.491,3.03,1.09,1.16,33.33,HWA Gaming,TCL,39.6,-6.2,2019
4,1,3,34.6,37,47,0.79,0.61,0.05,0.0,470.0,0.5,0.75,1.0,0.5,0.5,0.39,0.0,0.5,0.67,0.509,0.461,3.38,1.36,1.43,25.0,INFINITY,LLA,54.6,-29.6,2019
10,6,4,36.3,138,91,1.52,0.63,-0.43,-0.019,-708.0,0.6,0.5,0.4,0.3,0.4,0.31,0.8,0.6,0.56,0.491,0.48700000000000004,3.48,1.33,1.33,60.0,INTZ,CBLOL,39.1,20.9,2019
14,10,4,32.1,253,223,1.13,1.06,0.92,0.06,1378.0,0.43,0.71,0.5,0.14,0.29,0.48,0.33,0.71,0.71,0.515,0.557,3.17,1.22,1.53,71.43,Invictus Gaming,MSI,60.1,11.4,2019
7,6,1,32.8,134,101,1.33,1.02,1.07,0.078,1361.0,0.57,0.71,0.71,0.86,0.43,0.5,0.0,0.71,0.7,0.517,0.536,3.45,1.28,1.45,85.71,Invictus Gaming,LPL,61.7,24.0,2019
13,9,4,33.8,184,121,1.52,0.69,1.0,0.045,877.0,0.69,0.54,0.77,0.54,0.38,0.5,1.0,0.69,0.67,0.5,0.535,2.74,1.06,1.48,69.23,Isurus,LLA,60.0,9.2,2019
4,1,3,35.3,27,37,0.73,0.45,0.24,0.01,91.0,0.5,0.5,0.5,0.5,0.75,0.59,0.0,0.25,0.2,0.511,0.51,4.14,1.3,1.67,25.0,J Team,PCS,57.4,-32.4,2019
17,9,8,32.1,255,262,0.97,0.94,0.0,-0.022000000000000002,-163.0,0.59,0.65,0.53,0.41,0.41,0.47,0.5,0.41,0.52,0.5,0.473,3.5,1.25,1.37,52.94,JD Gaming,LPL,51.0,2.0,2019
6,3,3,34.3,103,69,1.49,0.84,0.51,0.066,474.0,0.67,0.33,0.67,0.5,0.67,0.58,0.0,0.67,0.5,0.494,0.502,4.26,1.66,2.04,50.0,Kingzone DragonX,LCK,58.6,-8.6,2019
3,1,2,32.0,32,39,0.82,0.74,0.57,-0.063,572.0,1.0,0.67,0.67,0.33,0.67,0.33,0.0,0.33,0.25,0.499,0.465,4.26,1.37,1.92,33.33,Liiv SANDBOX,LCK,65.6,-32.3,2019
3,0,3,34.1,21,46,0.46,0.66,-0.86,-0.133,284.0,0.0,0.33,0.33,0.33,0.33,0.5,0.0,0.0,0.0,0.48200000000000004,0.436,3.91,1.24,1.55,0.0,M19,LCL,47.2,-47.2,2019
3,0,3,35.7,17,53,0.32,0.65,-1.81,-0.152,-1431.0,0.33,0.33,0.0,0.33,0.67,0.36,0.0,0.0,0.0,0.505,0.434,3.65,1.34,1.4,0.0,MAD Team,PCS,35.5,-35.5,2019
10,3,7,30.9,111,153,0.73,0.85,-0.57,-0.10099999999999999,-1427.0,0.3,0.5,0.3,0.3,0.4,0.45,0.5,0.3,0.43,0.504,0.43,3.34,1.15,1.28,30.0,Origen,LEC,38.4,-8.4,2019
4,3,1,37.6,78,57,1.37,0.9,1.73,0.044000000000000004,3129.0,0.25,1.0,0.75,0.75,0.5,0.8,0.0,0.5,0.63,0.508,0.5670000000000001,3.81,1.42,1.71,75.0,Phong Vũ Buffalo,VCS,73.6,1.4,2019
10,2,8,31.0,124,173,0.72,0.96,-0.47,-0.094,-737.0,0.7,0.4,0.4,0.6,0.5,0.49,0.0,0.3,0.29,0.493,0.49700000000000005,3.56,1.43,1.51,20.0,Phong Vũ Buffalo,MSI,44.3,-24.3,2019
4,1,3,36.7,29,46,0.63,0.51,-0.17,-0.015,-719.0,0.5,0.75,0.5,0.25,0.5,0.47,0.0,0.25,0.33,0.493,0.489,3.33,1.36,1.04,25.0,Pixel Esports Club,LLA,40.3,-15.3,2019
12,7,5,32.5,130,145,0.9,0.71,-0.59,-0.013999999999999999,-356.0,0.33,0.33,0.25,0.58,0.58,0.58,1.0,0.42,0.38,0.505,0.517,3.55,1.27,1.27,58.33,Rainbow7,LLA,47.1,11.3,2019
5,2,3,34.3,39,63,0.62,0.6,-0.38,-0.012,-987.0,0.0,0.2,0.4,0.4,0.6,0.64,0.0,0.4,0.29,0.515,0.5,3.44,1.39,1.32,40.0,Redemption eSports Porto Alegre,CBLOL,50.1,-10.1,2019
5,2,3,33.0,74,86,0.86,0.97,-0.46,-0.019,-313.0,0.2,0.2,0.4,0.4,0.8,0.6,0.0,0.6,0.44,0.484,0.486,3.62,1.42,1.37,40.0,Royal Never Give Up,LPL,46.6,-6.6,2019
18,14,4,32.8,266,185,1.44,0.76,1.28,0.1,1327.0,0.5,0.72,0.72,0.61,0.71,0.63,0.0,0.72,0.69,0.504,0.5489999999999999,3.05,1.03,1.26,77.78,Royal Youth,TCL,61.6,14.9,2019
4,1,3,38.6,45,62,0.73,0.69,-0.53,-0.017,-842.0,0.25,0.5,0.5,0.75,0.5,0.68,0.0,0.25,0.5,0.48700000000000004,0.515,3.31,1.16,1.56,25.0,SK Gaming,LEC,50.8,-25.8,2019
15,9,6,29.3,218,144,1.51,0.82,1.63,0.086,1198.0,0.64,0.64,0.71,0.67,0.71,0.66,0.0,0.57,0.63,0.5,0.5489999999999999,4.34,1.48,1.75,60.0,SK Telecom T1,MSI,61.2,3.1,2019
6,6,0,36.8,98,55,1.78,0.69,0.32,0.057,-283.0,0.5,0.5,0.5,0.17,0.5,0.58,0.5,0.5,0.75,0.507,0.5539999999999999,4.45,1.56,1.97,100.0,SK Telecom T1,LCK,47.4,52.6,2019
6,3,3,29.9,59,70,0.84,0.72,0.88,0.006999999999999999,1138.0,0.33,0.33,0.67,0.5,0.5,0.64,0.0,0.5,0.63,0.493,0.56,2.95,1.05,1.35,50.0,SinoDragon Gaming,LPL,61.3,-11.3,2019
4,1,3,34.5,57,79,0.72,0.99,-1.64,-0.037000000000000005,-3192.0,0.25,0.0,0.5,0.0,0.75,0.44,1.0,0.25,0.17,0.501,0.46299999999999997,3.77,1.4,1.94,25.0,Sky Gaming,VCS,27.4,-2.4,2019
8,4,4,36.6,120,107,1.12,0.78,0.09,-0.019,612.0,0.88,0.38,0.5,0.38,0.5,0.3,1.0,0.38,0.44,0.512,0.45399999999999996,3.58,1.28,1.49,50.0,Splyce,LEC,50.2,-0.2,2019
18,16,2,31.9,314,164,1.91,0.83,1.55,0.115,1619.0,0.56,0.61,0.72,0.56,0.72,0.72,0.5,0.67,0.71,0.509,0.5429999999999999,2.88,1.15,1.25,88.89,SuperMassive Esports,TCL,66.5,22.4,2019
14,8,6,34.8,183,144,1.27,0.67,0.11,-0.005,-238.0,0.71,0.43,0.36,0.29,0.21,0.47,0.33,0.43,0.52,0.496,0.506,3.33,1.28,1.19,57.14,TSM,LCS,46.0,11.2,2019
18,10,8,30.2,228,244,0.93,0.87,0.02,-0.008,-248.0,0.56,0.22,0.5,0.44,0.33,0.58,1.0,0.56,0.61,0.502,0.495,2.93,1.05,1.12,55.56,Team AURORA,TCL,47.0,8.6,2019
17,7,10,30.1,197,236,0.83,0.85,-0.99,-0.047,-1316.0,0.35,0.41,0.47,0.65,0.59,0.49,1.0,0.29,0.42,0.495,0.45399999999999996,3.43,1.26,1.43,41.18,Team Liquid,MSI,42.5,-1.3,2019
8,6,2,35.0,106,76,1.39,0.65,0.98,0.069,1458.0,0.63,0.88,0.88,0.88,0.75,0.63,0.67,0.63,0.64,0.51,0.505,3.36,1.13,1.37,75.0,Team Liquid,LCS,68.2,6.8,2019
3,0,3,28.5,20,60,0.33,0.94,-1.46,-0.175,-1748.0,0.67,0.33,0.0,1.0,0.33,0.1,0.0,0.0,0.0,0.49,0.38299999999999995,3.31,1.26,1.01,0.0,Team Vitality,LEC,39.8,-39.8,2019
4,1,3,32.5,50,67,0.75,0.9,-0.72,0.016,395.0,0.25,0.5,0.5,0.75,0.75,0.56,0.0,0.25,0.17,0.504,0.575,3.19,1.05,1.57,25.0,Team WE,LPL,43.1,-18.1,2019
11,5,6,30.9,133,148,0.9,0.83,-0.68,-0.027999999999999997,-1190.0,0.45,0.36,0.36,0.36,0.55,0.53,1.0,0.45,0.43,0.496,0.46799999999999997,3.19,1.26,1.61,45.45,Topsports Gaming,LPL,42.3,3.1,2019
6,3,3,31.8,62,68,0.91,0.68,1.01,0.035,1791.0,0.67,0.67,0.67,0.5,0.67,0.56,1.0,0.5,0.6,0.5,0.5579999999999999,3.48,1.35,1.65,50.0,Unsold Stuff Gaming,LJL,64.4,-14.4,2019
7,6,1,28.4,103,69,1.49,0.86,0.88,0.09699999999999999,1336.0,0.57,0.86,0.71,0.71,0.71,0.69,0.0,0.71,0.75,0.508,0.54,3.16,1.16,1.32,85.71,Vega Squadron,LCL,64.3,21.4,2019
4,1,3,30.4,42,51,0.82,0.77,-0.14,-0.068,-752.0,0.75,0.5,0.25,0.5,0.5,0.25,0.0,0.25,0.2,0.485,0.43799999999999994,3.21,1.28,1.1,25.0,XTEN Esports,LLA,39.9,-14.9,2019
9,5,4,34.8,102,90,1.13,0.61,-0.04,-0.019,632.0,0.56,0.56,0.56,0.44,0.22,0.41,0.0,0.44,0.5,0.49200000000000005,0.48,3.88,1.51,1.71,55.56,ahq eSports Club,PCS,51.9,3.6,2019
18,11,7,35.7,238,250,0.95,0.76,0.18,0.025,627.0,0.5,0.67,0.39,0.67,0.72,0.58,0.45,0.5,0.53,0.501,0.508,3.34,1.32,1.53,61.11,100 Thieves,LCS,60.1,1.0,2021
17,6,11,33.1,194,226,0.86,0.75,0.09,-0.008,301.0,0.59,0.53,0.41,0.55,0.18,0.42,0.67,0.29,0.35,0.499,0.49700000000000005,3.57,1.25,1.41,35.29,5 Ronin,TCL,49.6,-14.3,2021
8,4,4,35.2,98,105,0.93,0.72,0.06,0.022000000000000002,298.0,0.63,0.5,0.63,0.44,0.25,0.49,0.0,0.5,0.64,0.498,0.512,3.33,1.36,1.38,50.0,All Knights,LLA,56.4,-6.4,2021
6,2,4,30.6,65,109,0.6,0.95,-0.93,-0.08800000000000001,-512.0,0.17,0.5,0.5,0.5,0.5,0.36,0.0,0.17,0.27,0.507,0.467,3.6,1.12,1.43,33.33,BOOM Esports,PCS,48.1,-14.8,2021
5,2,3,29.6,61,75,0.81,0.92,-0.43,-0.024,-419.0,0.8,0.4,0.4,0.5,0.8,0.61,0.0,0.6,0.57,0.484,0.42100000000000004,3.82,1.48,1.65,40.0,Berjaya Dragons,PCS,47.4,-7.4,2021
15,6,9,33.9,184,232,0.79,0.82,-0.59,-0.031,-645.0,0.4,0.4,0.4,0.57,0.4,0.42,0.0,0.4,0.41,0.5,0.493,3.74,1.62,1.77,40.0,Beyond Gaming,PCS,43.9,-3.9,2021
18,9,9,32.1,234,228,1.03,0.8,0.6,-0.003,1220.0,0.67,0.56,0.61,0.61,0.65,0.56,1.0,0.39,0.45,0.502,0.527,3.15,1.24,1.5,50.0,Beşiktaş Esports,TCL,60.5,-7.6,2021
9,3,6,31.5,122,184,0.66,1.08,-1.03,-0.10300000000000001,-932.0,0.33,0.67,0.11,0.33,0.44,0.32,0.5,0.11,0.21,0.49200000000000005,0.469,3.36,1.61,1.64,33.33,CERBERUS Esports,VCS,39.1,-5.8,2021
11,7,4,32.7,150,121,1.24,0.75,-0.27,-0.003,-341.0,0.64,0.36,0.27,0.62,0.27,0.49,0.67,0.36,0.5,0.5,0.496,2.74,0.99,1.24,63.64,Chiefs Esports Club,LCO,46.5,17.1,2021
16,7,9,32.4,236,217,1.09,0.87,-0.46,0.006,-728.0,0.31,0.31,0.25,0.48,0.75,0.6,1.0,0.44,0.45,0.502,0.509,3.48,1.32,1.62,43.75,Cloud9,MSI,48.0,-4.2,2021
18,13,5,31.3,284,202,1.41,0.86,0.89,0.068,1035.0,0.67,0.61,0.61,0.56,0.5,0.54,1.0,0.67,0.67,0.513,0.531,3.17,1.22,1.43,72.22,Cloud9,LCS,57.9,14.3,2021
18,5,13,36.4,224,276,0.81,0.76,-0.18,-0.035,-339.0,0.89,0.44,0.39,0.3,0.61,0.47,0.17,0.5,0.39,0.498,0.47600000000000003,3.42,1.23,1.38,27.78,Counter Logic Gaming,LCS,46.8,-19.0,2021
3,0,3,28.2,16,49,0.33,0.77,-2.19,-0.128,-1814.0,0.33,0.0,0.67,0.17,0.33,0.17,0.0,0.0,0.0,0.491,0.484,3.31,1.4,1.38,0.0,Crest Gaming Act,LJL,28.5,-28.5,2021
7,4,3,35.5,96,107,0.9,0.82,-0.58,-0.043,-256.0,0.14,0.43,0.57,0.57,0.71,0.58,0.4,0.29,0.25,0.508,0.48100000000000004,3.16,1.14,1.31,57.14,CrowCrowd,LCL,50.7,6.4,2021
4,1,3,35.2,45,59,0.76,0.74,-0.69,-0.055999999999999994,-1311.0,0.5,0.25,0.0,0.38,0.5,0.39,1.0,0.5,0.5,0.5,0.485,3.49,1.5,1.86,25.0,DRX,LCK,36.3,-11.3,2021
26,18,8,30.8,388,295,1.32,0.85,0.87,0.055,1414.0,0.46,0.69,0.77,0.51,0.58,0.59,0.0,0.54,0.54,0.505,0.547,3.82,1.46,1.68,69.23,DWG KIA,MSI,60.8,8.4,2021
6,6,0,34.7,86,57,1.51,0.68,0.4,0.077,-196.0,0.5,0.67,0.67,0.5,0.5,0.69,0.0,1.0,1.0,0.49200000000000005,0.5670000000000001,3.34,1.35,2.14,100.0,DWG KIA,LCK,46.6,53.4,2021
18,9,9,31.4,250,212,1.18,0.82,0.31,0.01,463.0,0.5,0.44,0.44,0.47,0.28,0.48,0.0,0.5,0.5,0.496,0.485,2.93,1.09,1.17,50.0,Dark Passage,TCL,53.5,-3.5,2021
6,2,4,30.7,72,74,0.97,0.79,0.49,0.023,649.0,0.83,0.5,0.5,0.67,0.33,0.42,0.0,0.5,0.56,0.489,0.486,3.26,1.3,1.68,33.33,DetonatioN FocusMe,MSI,57.0,-23.7,2021
8,6,2,29.9,108,71,1.52,0.75,0.51,0.012,248.0,0.75,0.63,0.5,0.63,0.75,0.7,0.0,0.75,0.73,0.507,0.503,3.09,1.26,1.56,75.0,DetonatioN FocusMe,LJL,57.5,17.5,2021
18,11,7,33.1,261,226,1.15,0.81,-0.51,-0.024,-684.0,0.39,0.39,0.44,0.57,0.39,0.52,1.0,0.44,0.52,0.49700000000000005,0.483,2.91,1.32,1.54,61.11,Dignitas,LCS,41.1,20.0,2021
7,1,6,33.3,63,127,0.5,0.81,-1.21,-0.102,-2214.0,0.14,0.29,0.29,0.33,0.57,0.36,0.33,0.29,0.25,0.496,0.493,2.88,1.15,1.08,14.29,Dire Wolves,LCO,30.7,-16.4,2021
13,7,6,32.9,178,171,1.04,0.82,-1.15,-0.034,-1156.0,0.46,0.31,0.27,0.0,0.45,0.44,0.0,0.36,0.37,0.496,0.484,3.75,1.3,1.65,53.85,EDward Gaming,LPL,36.9,8.5,2021
18,10,8,35.8,269,269,1.0,0.83,0.32,-0.003,54.0,0.39,0.56,0.78,0.41,0.61,0.64,0.4,0.5,0.44,0.504,0.517,3.31,1.18,1.51,55.56,Evil Geniuses,LCS,53.0,2.6,2021
12,6,6,33.5,176,150,1.17,0.81,0.3,0.019,135.0,0.58,0.5,0.42,0.61,0.42,0.52,1.0,0.58,0.69,0.501,0.5,3.24,1.28,1.61,50.0,FC Schalke 04 Esports,LEC,48.1,1.9,2021
20,9,11,31.0,232,290,0.8,0.84,-1.54,-0.042,-1549.0,0.45,0.3,0.35,0.5,0.6,0.53,0.0,0.5,0.5,0.5,0.485,2.91,1.2,1.29,45.0,Fenerbahçe Esports,TCL,36.9,8.1,2021
5,2,3,31.4,70,73,0.96,0.91,-1.11,-0.071,-1277.0,0.2,0.4,0.2,0.5,0.2,0.39,0.0,0.4,0.5,0.493,0.455,3.39,1.43,1.45,40.0,Flamengo Esports,CBLOL,30.3,9.7,2021
18,6,12,33.7,220,248,0.89,0.77,-0.76,-0.025,-929.0,0.5,0.28,0.33,0.31,0.5,0.46,1.0,0.33,0.32,0.496,0.48,3.25,1.29,1.5,33.33,FlyQuest,LCS,40.8,-7.4,2021
7,3,4,32.2,100,115,0.87,0.95,0.41,-0.011000000000000001,436.0,0.71,0.43,0.29,0.38,0.71,0.63,1.0,0.43,0.45,0.49700000000000005,0.51,3.52,1.35,1.31,42.86,Fnatic,LEC,57.2,-14.3,2021
5,2,3,31.8,49,67,0.73,0.72,-0.47,-0.038,-178.0,0.6,0.0,0.4,0.4,1.0,0.48,0.0,0.2,0.33,0.505,0.413,3.03,1.26,1.53,40.0,Fukuoka SoftBank HAWKS gaming,LJL,53.0,-13.0,2021
20,13,7,29.8,267,271,0.99,0.9,0.01,0.009000000000000001,8.0,0.4,0.5,0.65,0.0,0.5,0.53,0.0,0.53,0.62,0.502,0.509,3.37,1.35,1.48,65.0,FunPlus Phoenix,LPL,53.3,11.7,2021
5,2,3,32.4,52,79,0.66,0.81,-0.89,-0.062,-1065.0,0.8,0.4,0.4,0.5,0.6,0.67,0.0,0.4,0.29,0.491,0.495,3.68,1.52,1.73,40.0,Furious Gaming,LLA,42.6,-2.6,2021
13,5,8,34.2,163,208,0.78,0.83,-0.92,-0.048,-963.0,0.31,0.46,0.38,0.4,0.38,0.44,1.0,0.31,0.28,0.499,0.48200000000000004,3.81,1.35,1.4,38.46,G2 Esports,LEC,41.3,-2.8,2021
7,6,1,26.8,133,77,1.73,1.11,1.35,0.126,1607.0,0.57,0.71,0.57,0.57,0.43,0.52,0.0,0.71,0.86,0.52,0.525,3.76,1.29,1.57,85.71,GAM Esports,VCS,56.5,29.2,2021
19,6,13,30.9,215,293,0.73,0.86,-0.93,-0.057999999999999996,-963.0,0.53,0.32,0.26,0.46,0.53,0.44,0.0,0.32,0.26,0.502,0.45899999999999996,2.9,1.39,1.1,31.58,Galakticos,TCL,35.1,-3.5,2021
18,11,7,33.5,266,191,1.39,0.76,0.99,0.07,1110.0,0.44,0.61,0.72,0.54,0.44,0.48,0.0,0.67,0.64,0.498,0.54,3.06,1.28,1.38,61.11,Galatasaray Esports,TCL,61.1,0.0,2021
4,1,3,35.0,35,68,0.51,0.74,-0.72,-0.078,219.0,0.25,0.5,0.5,0.63,0.75,0.43,0.0,0.25,0.33,0.512,0.5,3.39,1.16,1.15,25.0,Gambit Esports,LCL,57.7,-32.7,2021
6,3,3,35.6,67,53,1.26,0.56,-0.4,-0.025,-615.0,0.33,0.33,0.5,0.42,0.5,0.47,1.0,0.17,0.22,0.511,0.479,4.18,1.69,1.87,50.0,Gen.G,LCK,44.4,5.6,2021
18,3,15,35.0,135,294,0.46,0.68,-0.94,-0.11599999999999999,-956.0,0.28,0.28,0.28,0.26,0.33,0.38,0.5,0.22,0.39,0.496,0.45799999999999996,3.41,1.35,1.51,16.67,Golden Guardians,LCS,38.7,-22.0,2021
8,3,5,35.3,95,108,0.88,0.72,0.01,-0.025,37.0,0.5,0.63,0.38,0.71,0.63,0.54,1.0,0.38,0.36,0.504,0.473,3.9,1.52,2.02,37.5,Hanwha Life Esports,LCK,57.3,-19.8,2021
6,2,4,29.3,76,97,0.78,0.98,-0.58,-0.055,-656.0,0.5,0.17,0.17,0.5,0.67,0.56,0.0,0.33,0.38,0.493,0.456,3.36,1.47,1.57,33.33,Hong Kong Attitude,PCS,38.2,-4.9,2021
6,1,5,29.5,52,100,0.52,0.86,-1.94,-0.149,-1908.0,0.33,0.0,0.33,0.33,0.33,0.23,0.0,0.33,0.29,0.49700000000000005,0.41100000000000003,3.69,1.42,1.46,16.67,INFINITY,MSI,28.8,-12.1,2021
9,6,3,33.0,139,86,1.62,0.76,0.7,0.055,551.0,0.22,0.56,0.56,0.56,0.56,0.46,0.0,0.56,0.7,0.505,0.502,3.63,1.37,1.65,66.67,INFINITY,LLA,51.9,14.8,2021
18,7,11,32.7,184,186,0.99,0.63,-0.74,-0.026000000000000002,-1032.0,0.39,0.28,0.39,0.49,0.28,0.3,0.5,0.33,0.39,0.493,0.483,3.62,1.26,1.45,38.89,Immortals,LCS,34.0,4.9,2021
4,0,4,29.0,28,92,0.3,1.03,-2.25,-0.201,-1719.0,0.5,0.25,0.0,0.5,0.5,0.25,0.0,0.0,0.0,0.504,0.425,2.75,1.03,1.07,0.0,Impunity,PCS,35.9,-35.9,2021
5,2,3,31.4,52,51,1.02,0.66,1.05,0.063,1793.0,0.4,0.8,0.8,0.0,0.6,0.49,0.0,1.0,0.67,0.502,0.495,3.35,1.51,1.7,40.0,Invictus Gaming,LPL,72.5,-32.5,2021
12,5,7,33.0,195,155,1.26,0.88,0.81,0.07,1193.0,0.42,0.67,0.83,0.63,0.25,0.45,0.0,0.5,0.45,0.504,0.5589999999999999,3.33,1.28,1.84,41.67,J Team,PCS,58.0,-16.3,2021
4,1,3,32.1,52,63,0.83,0.89,0.26,-0.034,190.0,1.0,0.5,0.25,0.0,0.5,0.47,0.0,0.5,0.29,0.503,0.513,2.78,1.1,1.67,25.0,JD Gaming,LPL,49.6,-24.6,2021
4,1,3,30.5,44,66,0.67,0.9,-0.9,-0.079,-1135.0,0.0,0.5,0.75,0.5,0.5,0.44,0.0,0.75,0.5,0.491,0.5,3.39,1.33,1.48,25.0,KaBuM! e-Sports,CBLOL,42.0,-17.0,2021
3,0,3,24.5,15,67,0.22,1.12,-3.32,-0.214,-5383.0,0.0,0.33,0.0,0.0,0.67,0.25,0.0,0.0,0.0,0.466,0.419,3.13,1.15,1.14,0.0,LNG Esports,LPL,14.5,-14.5,2021
5,2,3,32.0,75,72,1.04,0.91,0.16,0.013999999999999999,-142.0,0.4,0.6,0.4,0.67,0.6,0.38,0.0,0.6,0.67,0.491,0.486,3.34,1.43,1.49,40.0,LOUD,CBLOL,41.1,-1.1,2021
21,12,9,30.7,319,287,1.11,0.93,0.51,0.026000000000000002,400.0,0.57,0.52,0.57,0.52,0.43,0.52,0.0,0.52,0.56,0.506,0.502,3.69,1.3,1.67,57.14,MAD Lions,MSI,56.2,1.0,2021
13,9,4,33.6,219,167,1.31,0.88,-0.16,0.057999999999999996,-622.0,0.54,0.54,0.54,0.69,0.38,0.47,0.33,0.62,0.68,0.5,0.526,3.38,1.29,1.53,69.23,MAD Lions,LEC,41.4,27.9,2021
17,11,6,33.4,282,221,1.28,0.88,0.46,0.055,290.0,0.59,0.59,0.59,0.36,0.65,0.56,1.0,0.59,0.74,0.499,0.515,3.7,1.42,1.68,64.71,Machi Esports,PCS,54.7,10.0,2021
18,12,6,30.4,262,214,1.22,0.87,0.63,0.055,1029.0,0.44,0.78,0.72,0.53,0.78,0.61,1.0,0.56,0.52,0.506,0.509,3.02,1.17,1.21,66.67,NASR eSports Turkey,TCL,64.3,2.3,2021
5,2,3,37.2,66,73,0.9,0.75,0.16,-0.008,902.0,0.6,0.4,0.6,0.25,0.4,0.38,0.0,0.4,0.43,0.494,0.5,4.16,1.28,2.12,40.0,Nongshim RedForce,LCK,52.5,-12.5,2021
3,0,3,30.7,14,53,0.26,0.73,-1.24,-0.102,-1402.0,0.33,0.33,0.67,0.0,0.33,0.36,0.0,0.33,0.33,0.491,0.451,3.11,1.33,1.07,0.0,ORDER,LCO,29.7,-29.7,2021
3,0,3,38.5,32,51,0.63,0.72,0.14,0.003,72.0,1.0,0.33,0.33,0.33,0.33,0.35,0.0,0.67,0.8,0.489,0.499,3.14,1.23,1.61,0.0,One Breath Gaming,LCL,49.4,-49.4,2021
16,9,7,32.9,250,172,1.45,0.8,1.29,0.06,2206.0,0.88,0.94,0.69,0.57,0.69,0.54,0.5,0.5,0.54,0.506,0.503,3.18,1.29,1.58,56.25,PEACE,LCO,70.9,-14.7,2021
9,9,0,32.9,167,79,2.11,0.83,1.04,0.052000000000000005,714.0,0.67,0.67,0.56,0.47,0.44,0.69,0.0,0.56,0.73,0.506,0.5329999999999999,3.92,1.3,2.1,100.0,PSG Talon,PCS,57.6,42.4,2021
20,11,9,30.8,319,236,1.35,0.9,0.8,0.034,1417.0,0.65,0.55,0.5,0.6,0.55,0.55,0.0,0.65,0.61,0.498,0.506,3.68,1.29,1.78,55.0,PSG Talon,MSI,60.3,-5.3,2021
19,4,15,26.4,174,332,0.52,1.0,-2.61,-0.14300000000000002,-4136.0,0.42,0.16,0.21,0.13,0.58,0.45,0.0,0.26,0.29,0.485,0.446,2.82,1.14,1.15,21.05,Pentanet.GG,MSI,20.8,0.2,2021
9,6,3,35.7,128,135,0.95,0.81,-0.58,0.01,-1316.0,0.0,0.11,0.56,0.53,0.44,0.59,0.5,0.78,0.67,0.495,0.521,3.42,1.29,1.62,66.67,Pentanet.GG,LCO,38.8,27.8,2021
8,4,4,30.1,96,95,1.01,0.79,0.04,0.006999999999999999,219.0,0.88,0.38,0.25,0.5,0.75,0.57,0.0,0.25,0.42,0.499,0.508,3.43,1.58,1.19,50.0,RED Canids,CBLOL,51.0,-1.0,2021
4,1,3,36.6,45,64,0.7,0.75,-0.55,-0.091,-505.0,0.5,0.5,0.25,0.5,0.75,0.43,0.0,0.25,0.25,0.505,0.478,2.6,0.97,1.45,25.0,Rainbow7,LLA,42.2,-17.2,2021
9,4,5,31.8,95,108,0.88,0.71,-0.19,-0.027000000000000003,-552.0,0.56,0.44,0.22,0.0,0.56,0.53,1.0,0.25,0.36,0.499,0.509,3.37,1.04,1.58,44.44,Rare Atom,LPL,41.2,3.3,2021
7,1,6,29.8,50,92,0.54,0.68,-1.4,-0.069,-1029.0,0.0,0.0,0.43,0.29,0.29,0.32,0.0,0.14,0.13,0.49700000000000005,0.486,2.97,1.07,1.44,14.29,Rascal Jester,LJL,37.8,-23.6,2021
17,9,8,33.3,228,225,1.01,0.8,0.93,0.003,1477.0,0.59,0.59,0.71,0.44,0.71,0.57,0.33,0.47,0.45,0.501,0.504,3.18,1.07,1.39,52.94,Rogue,LEC,68.2,-15.3,2021
27,21,6,29.5,463,329,1.41,0.99,1.51,0.091,2425.0,0.56,0.85,0.67,0.72,0.48,0.54,1.0,0.56,0.66,0.509,0.539,3.66,1.36,1.61,77.78,Royal Never Give Up,MSI,65.2,12.6,2021
17,9,8,31.8,276,250,1.1,0.97,0.05,0.006,-541.0,0.59,0.47,0.47,0.0,0.47,0.47,0.0,0.57,0.65,0.49700000000000005,0.484,3.44,1.42,1.65,52.94,Royal Never Give Up,LPL,45.1,8.2,2021
4,1,3,34.5,55,76,0.72,0.95,-1.91,-0.083,-2294.0,0.0,0.25,0.5,0.29,0.25,0.22,0.0,0.25,0.29,0.502,0.435,3.05,1.28,1.44,25.0,SK Gaming,LEC,22.1,2.9,2021
8,4,4,29.1,130,115,1.13,1.05,0.28,0.02,467.0,0.25,0.38,0.88,0.69,0.5,0.58,0.0,0.5,0.45,0.494,0.522,3.62,1.48,1.69,50.0,Saigon Buffalo,VCS,59.9,-9.9,2021
8,5,3,30.3,105,77,1.36,0.75,0.56,0.034,530.0,0.63,0.5,0.38,0.53,0.75,0.68,1.0,0.63,0.64,0.502,0.507,3.21,1.29,1.61,62.5,Sengoku Gaming,LJL,57.5,5.0,2021
10,7,3,28.7,163,93,1.75,0.89,0.53,0.052000000000000005,880.0,0.6,0.5,0.7,0.0,0.5,0.54,0.0,0.57,0.5,0.503,0.525,3.62,1.38,1.45,70.0,Suning,LPL,60.5,9.5,2021
18,15,3,33.3,302,191,1.58,0.82,0.89,0.059000000000000004,598.0,0.5,0.5,0.5,0.38,0.82,0.67,1.0,0.72,0.81,0.506,0.529,2.77,1.16,1.33,83.33,SuperMassive Esports,TCL,58.7,23.6,2021
7,3,4,34.7,68,78,0.87,0.6,0.28,0.022000000000000002,758.0,0.57,0.57,0.71,0.57,0.43,0.47,0.0,0.57,0.5,0.496,0.501,3.81,1.44,1.88,42.86,T1,LCK,55.5,-12.6,2021
18,12,6,33.9,238,194,1.23,0.71,0.34,0.048,129.0,0.33,0.61,0.61,0.63,0.39,0.48,0.33,0.72,0.76,0.496,0.526,3.62,1.3,1.52,66.67,TSM,LCS,50.8,15.9,2021
18,0,18,27.9,122,348,0.35,0.94,-2.67,-0.16899999999999998,-3367.0,0.33,0.11,0.11,0.25,0.28,0.21,1.0,0.11,0.1,0.488,0.42200000000000004,3.05,1.13,1.14,0.0,Team AURORA,TCL,15.7,-15.7,2021
18,12,6,32.2,244,161,1.52,0.7,1.53,0.08900000000000001,2096.0,0.67,0.89,0.78,0.78,0.67,0.64,0.0,0.67,0.63,0.506,0.5379999999999999,3.21,1.15,1.6,66.67,Team Liquid,LCS,76.9,-10.2,2021
8,3,5,29.8,130,141,0.92,1.13,-0.11,-0.015,-824.0,0.88,0.25,0.5,0.44,0.63,0.61,1.0,0.5,0.7,0.49700000000000005,0.49200000000000005,3.38,1.24,1.41,37.5,Team Secret,VCS,46.6,-9.1,2021
3,0,3,26.8,7,41,0.17,0.6,-1.65,-0.12300000000000001,-1417.0,0.33,0.33,0.0,0.0,0.33,0.33,0.0,0.0,0.0,0.489,0.478,3.01,1.14,1.73,0.0,Team WE,LPL,35.0,-35.0,2021
12,5,7,33.2,206,197,1.05,1.01,1.41,0.059000000000000004,2752.0,0.5,0.75,0.8,0.0,0.5,0.6,1.0,0.67,0.5,0.514,0.52,3.04,1.35,1.84,41.67,Top Esports,LPL,66.7,-16.7,2021
9,2,7,26.6,71,150,0.47,0.92,-2.11,-0.11599999999999999,-2932.0,0.44,0.33,0.33,0.44,0.11,0.18,0.0,0.22,0.25,0.489,0.42700000000000005,2.77,0.95,1.25,22.22,Unicorns of Love.CIS,MSI,29.6,-7.4,2021
8,6,2,34.1,143,80,1.79,0.82,0.84,0.075,87.0,0.75,0.63,0.5,0.44,0.25,0.54,0.75,0.63,0.69,0.491,0.516,2.8,0.96,1.3,75.0,Unicorns of Love.CIS,LCL,45.7,29.3,2021
17,10,7,31.7,207,182,1.14,0.72,0.54,0.04,430.0,0.53,0.88,0.59,0.61,0.24,0.46,0.0,0.65,0.58,0.49700000000000005,0.53,3.2,1.4,1.47,58.82,V3 Esports,LJL,50.9,8.0,2021
8,4,4,30.7,97,84,1.15,0.74,-0.01,0.024,18.0,0.38,0.38,0.5,0.5,0.0,0.32,0.0,0.5,0.58,0.498,0.47200000000000003,3.25,1.37,1.41,50.0,Vorax Liberty,CBLOL,48.0,2.0,2021
6,2,4,32.4,68,114,0.6,0.94,-0.91,-0.021,-1217.0,0.5,0.5,0.5,0.5,0.33,0.46,0.0,0.5,0.57,0.486,0.502,3.53,1.55,1.44,33.33,paiN Gaming,MSI,38.6,-5.3,2021
14,9,5,31.7,198,191,1.04,0.88,0.57,0.025,696.0,0.64,0.64,0.71,0.44,0.71,0.66,0.0,0.57,0.44,0.51,0.5329999999999999,3.68,1.49,1.46,64.29,paiN Gaming,CBLOL,63.1,1.2,2021
18,14,4,32.3,305,191,1.6,0.85,1.42,0.092,1502.0,0.56,0.83,0.83,0.72,0.44,0.58,0.6,0.61,0.73,0.504,0.55,2.78,1.17,1.39,77.78,İstanbul Wildcats,TCL,67.8,9.9,2021
6,1,5,32.8,91,130,0.7,1.12,-1.25,-0.09300000000000001,-1249.0,0.33,0.17,0.33,0.33,0.5,0.32,1.0,0.17,0.11,0.505,0.44799999999999995,2.7,1.0,1.33,16.67,İstanbul Wildcats,MSI,32.6,-15.9,2021
